mode,datetime
chrono,2024-06-28T09:45:30.452Z
sansChrono,2024-06-28T09:45:34.980Z
sansChrono,2024-06-28T09:45:38.204Z
chrono,2024-06-28T09:47:52.210Z
sansChrono,2024-06-28T09:48:04.284Z
sansChrono,2024-06-28T09:48:17.670Z
sansChrono,2024-06-28T09:50:27.564Z
chrono,2024-06-28T09:54:07.826Z
chrono,2024-06-28T09:59:20.691Z
sansChrono,2024-06-28T09:59:25.121Z
chrono,2024-06-28T09:59:49.963Z
sansChrono,2024-06-28T10:00:04.016Z
sansChrono,2024-06-28T10:01:11.657Z
chrono,2024-06-28T10:02:26.938Z
sansChrono,2024-06-28T10:03:16.825Z
sansChrono,2024-06-28T10:03:37.251Z
sansChrono,2024-06-28T10:04:00.906Z
chrono,2024-06-28T10:04:26.541Z
sansChrono,2024-06-28T10:03:55.888Z
chrono,2024-06-28T10:04:31.246Z
sansChrono,2024-06-28T10:04:48.077Z
sansChrono,2024-06-28T10:04:58.782Z
chrono,2024-06-28T10:05:13.209Z
sansChrono,2024-06-28T10:05:26.227Z
sansChrono,2024-06-28T10:05:32.773Z
chrono,2024-06-28T10:07:01.198Z
chrono,2024-06-28T10:07:05.631Z
chrono,2024-06-28T10:07:11.409Z
sansChrono,2024-06-28T10:07:14.563Z
chrono,2024-06-28T10:07:35.673Z
chrono,2024-06-28T10:07:36.742Z
sansChrono,2024-06-28T10:07:38.920Z
chrono,2024-06-28T10:07:46.478Z
chrono,2024-06-28T10:07:53.709Z
sansChrono,2024-06-28T10:07:56.851Z
sansChrono,2024-06-28T10:08:17.727Z
chrono,2024-06-28T10:08:24.531Z
sansChrono,2024-06-28T10:08:31.347Z
sansChrono,2024-06-28T10:08:32.897Z
chrono,2024-06-28T10:08:47.202Z
sansChrono,2024-06-28T10:08:58.910Z
chrono,2024-06-28T10:09:39.476Z
sansChrono,2024-06-28T10:09:54.253Z
sansChrono,2024-06-28T10:10:00.081Z
sansChrono,2024-06-28T10:10:03.276Z
chrono,2024-06-28T10:10:08.621Z
sansChrono,2024-06-28T10:10:12.621Z
sansChrono,2024-06-28T10:10:22.722Z
chrono,2024-06-28T10:10:26.655Z
chrono,2024-06-28T10:10:28.752Z
sansChrono,2024-06-28T10:10:30.051Z
chrono,2024-06-28T10:10:42.110Z
sansChrono,2024-06-28T10:10:47.660Z
sansChrono,2024-06-28T10:10:53.091Z
chrono,2024-06-28T10:10:57.017Z
sansChrono,2024-06-28T10:11:00.480Z
chrono,2024-06-28T10:11:02.321Z
sansChrono,2024-06-28T10:11:10.102Z
chrono,2024-06-28T10:11:19.980Z
sansChrono,2024-06-28T10:11:20.248Z
sansChrono,2024-06-28T10:11:23.471Z
chrono,2024-06-28T10:11:29.751Z
sansChrono,2024-06-28T10:11:31.400Z
sansChrono,2024-06-28T10:11:33.358Z
sansChrono,2024-06-28T10:11:35.509Z
sansChrono,2024-06-28T10:11:40.692Z
sansChrono,2024-06-28T10:11:54.222Z
chrono,2024-06-28T10:11:58.143Z
sansChrono,2024-06-28T10:12:04.894Z
chrono,2024-06-28T10:12:15.046Z
sansChrono,2024-06-28T10:12:17.863Z
sansChrono,2024-06-28T10:12:19.569Z
sansChrono,2024-06-28T10:12:36.969Z
sansChrono,2024-06-28T10:12:43.814Z
sansChrono,2024-06-28T10:12:51.274Z
sansChrono,2024-06-28T10:13:04.730Z
sansChrono,2024-06-28T10:13:07.486Z
sansChrono,2024-06-28T10:13:10.113Z
sansChrono,2024-06-28T10:13:23.262Z
sansChrono,2024-06-28T10:13:30.463Z
sansChrono,2024-06-28T10:13:48.067Z
sansChrono,2024-06-28T10:13:53.711Z
sansChrono,2024-06-28T10:14:05.002Z
chrono,2024-06-28T10:14:06.399Z
sansChrono,2024-06-28T10:14:23.651Z
chrono,2024-06-28T10:14:25.361Z
chrono,2024-06-28T10:14:31.260Z
sansChrono,2024-06-28T10:14:46.408Z
sansChrono,2024-06-28T10:06:29.907Z
sansChrono,2024-06-28T10:15:13.913Z
sansChrono,2024-06-28T10:15:18.691Z
sansChrono,2024-06-28T10:15:52.084Z
chrono,2024-06-28T10:07:27.635Z
sansChrono,2024-06-28T10:15:59.333Z
sansChrono,2024-06-28T10:16:11.656Z
sansChrono,2024-06-28T10:16:30.416Z
sansChrono,2024-06-28T10:08:05.507Z
sansChrono,2024-06-28T10:16:40.161Z
sansChrono,2024-06-28T10:16:41.540Z
sansChrono,2024-06-28T10:16:45.316Z
sansChrono,2024-06-28T10:16:58.620Z
sansChrono,2024-06-28T10:17:14.782Z
sansChrono,2024-06-28T10:17:26.272Z
sansChrono,2024-06-28T10:17:36.709Z
sansChrono,2024-06-28T10:17:43.589Z
sansChrono,2024-06-28T10:18:20.880Z
sansChrono,2024-06-28T10:18:42.366Z
sansChrono,2024-06-28T10:19:17.065Z
sansChrono,2024-06-28T10:19:23.373Z
sansChrono,2024-06-28T10:19:27.655Z
sansChrono,2024-06-28T10:20:02.374Z
sansChrono,2024-06-28T10:20:03.170Z
sansChrono,2024-06-28T10:20:14.417Z
sansChrono,2024-06-28T10:20:42.575Z
sansChrono,2024-06-28T10:21:12.950Z
sansChrono,2024-06-28T10:21:33.009Z
sansChrono,2024-06-28T10:21:35.293Z
sansChrono,2024-06-28T10:21:49.975Z
chrono,2024-06-28T10:21:53.403Z
sansChrono,2024-06-28T10:22:30.677Z
sansChrono,2024-06-28T10:22:44.109Z
sansChrono,2024-06-28T10:22:49.010Z
sansChrono,2024-06-28T10:23:13.757Z
sansChrono,2024-06-28T10:23:29.956Z
sansChrono,2024-06-28T10:23:52.269Z
sansChrono,2024-06-28T10:24:01.949Z
sansChrono,2024-06-28T10:24:04.569Z
chrono,2024-06-28T10:24:11.167Z
sansChrono,2024-06-28T10:24:47.900Z
sansChrono,2024-06-28T10:24:51.965Z
sansChrono,2024-06-28T10:25:08.525Z
sansChrono,2024-06-28T10:25:14.585Z
sansChrono,2024-06-28T10:25:22.279Z
sansChrono,2024-06-28T10:25:23.028Z
sansChrono,2024-06-28T10:24:59.557Z
sansChrono,2024-06-28T10:25:38.695Z
sansChrono,2024-06-28T10:25:51.428Z
sansChrono,2024-06-28T10:26:04.381Z
sansChrono,2024-06-28T10:26:13.138Z
sansChrono,2024-06-28T10:26:13.960Z
chrono,2024-06-28T10:26:15.707Z
chrono,2024-06-28T10:26:18.244Z
sansChrono,2024-06-28T10:26:33.102Z
sansChrono,2024-06-28T10:26:43.638Z
chrono,2024-06-28T10:26:48.448Z
sansChrono,2024-06-28T10:26:55.650Z
sansChrono,2024-06-28T10:27:11.079Z
sansChrono,2024-06-28T10:27:14.774Z
sansChrono,2024-06-28T10:27:22.055Z
chrono,2024-06-28T10:27:21.890Z
sansChrono,2024-06-28T10:27:58.533Z
sansChrono,2024-06-28T10:27:27.982Z
chrono,2024-06-28T10:27:45.180Z
sansChrono,2024-06-28T10:27:47.514Z
sansChrono,2024-06-28T10:27:52.581Z
sansChrono,2024-06-28T10:27:54.997Z
chrono,2024-06-28T10:28:06.091Z
chrono,2024-06-28T10:28:51.994Z
sansChrono,2024-06-28T10:29:07.967Z
sansChrono,2024-06-28T10:29:22.138Z
sansChrono,2024-06-28T10:29:32.211Z
sansChrono,2024-06-28T10:30:13.623Z
chrono,2024-06-28T10:29:55.944Z
sansChrono,2024-06-28T10:30:21.790Z
sansChrono,2024-06-28T10:30:27.805Z
sansChrono,2024-06-28T10:30:30.906Z
chrono,2024-06-28T10:30:38.629Z
chrono,2024-06-28T10:30:41.367Z
chrono,2024-06-28T10:30:49.489Z
chrono,2024-06-28T10:30:54.743Z
sansChrono,2024-06-28T10:31:02.418Z
sansChrono,2024-06-28T10:31:11.379Z
sansChrono,2024-06-28T10:31:14.180Z
sansChrono,2024-06-28T10:31:14.520Z
sansChrono,2024-06-28T10:31:48.091Z
sansChrono,2024-06-28T10:32:36.699Z
sansChrono,2024-06-28T10:32:58.891Z
chrono,2024-06-28T10:33:01.051Z
sansChrono,2024-06-28T10:33:02.265Z
sansChrono,2024-06-28T10:33:07.962Z
sansChrono,2024-06-28T10:33:19.595Z
sansChrono,2024-06-28T10:33:25.951Z
sansChrono,2024-06-28T10:33:29.117Z
chrono,2024-06-28T10:33:42.196Z
sansChrono,2024-06-28T10:33:53.107Z
sansChrono,2024-06-28T10:34:05.147Z
sansChrono,2024-06-28T10:34:08.691Z
sansChrono,2024-06-28T10:34:13.299Z
sansChrono,2024-06-28T10:34:16.774Z
sansChrono,2024-06-28T10:34:22.774Z
sansChrono,2024-06-28T10:34:43.955Z
sansChrono,2024-06-28T10:34:46.969Z
sansChrono,2024-06-28T10:35:04.295Z
sansChrono,2024-06-28T10:35:13.326Z
chrono,2024-06-28T10:35:17.224Z
chrono,2024-06-28T10:35:40.933Z
sansChrono,2024-06-28T10:36:01.951Z
sansChrono,2024-06-28T10:36:03.879Z
sansChrono,2024-06-28T10:36:47.428Z
sansChrono,2024-06-28T10:36:49.154Z
sansChrono,2024-06-28T10:36:52.530Z
sansChrono,2024-06-28T10:37:24.464Z
sansChrono,2024-06-28T10:37:21.874Z
chrono,2024-06-28T10:37:22.864Z
chrono,2024-06-28T10:37:27.139Z
sansChrono,2024-06-28T10:37:43.329Z
chrono,2024-06-28T10:37:46.061Z
chrono,2024-06-28T10:37:50.049Z
sansChrono,2024-06-28T10:38:44.882Z
sansChrono,2024-06-28T10:39:05.696Z
sansChrono,2024-06-28T10:39:23.825Z
chrono,2024-06-28T10:40:00.344Z
sansChrono,2024-06-28T10:41:14.139Z
sansChrono,2024-06-28T10:41:31.750Z
sansChrono,2024-06-28T10:41:59.108Z
sansChrono,2024-06-28T10:42:00.048Z
sansChrono,2024-06-28T10:42:05.673Z
sansChrono,2024-06-28T10:42:32.426Z
sansChrono,2024-06-28T10:42:43.808Z
sansChrono,2024-06-28T10:43:18.359Z
chrono,2024-06-28T10:43:30.599Z
sansChrono,2024-06-28T10:43:39.817Z
chrono,2024-06-28T10:43:48.986Z
sansChrono,2024-06-28T10:43:53.762Z
sansChrono,2024-06-28T10:44:19.960Z
sansChrono,2024-06-28T10:44:24.599Z
chrono,2024-06-28T10:44:27.465Z
chrono,2024-06-28T10:44:37.135Z
sansChrono,2024-06-28T10:44:42.343Z
sansChrono,2024-06-28T10:44:55.924Z
chrono,2024-06-28T10:46:03.561Z
chrono,2024-06-28T10:46:20.250Z
sansChrono,2024-06-28T10:48:42.853Z
chrono,2024-06-28T10:46:37.351Z
chrono,2024-06-28T10:46:58.160Z
chrono,2024-06-28T10:47:01.025Z
chrono,2024-06-28T10:47:14.398Z
chrono,2024-06-28T10:47:16.072Z
sansChrono,2024-06-28T10:47:21.675Z
sansChrono,2024-06-28T10:47:34.222Z
chrono,2024-06-28T10:47:41.423Z
sansChrono,2024-06-28T10:47:44.093Z
chrono,2024-06-28T10:47:55.851Z
sansChrono,2024-06-28T10:48:31.722Z
chrono,2024-06-28T10:48:52.262Z
chrono,2024-06-28T10:49:03.388Z
sansChrono,2024-06-28T10:49:22.471Z
chrono,2024-06-28T10:49:31.180Z
sansChrono,2024-06-28T10:49:29.758Z
chrono,2024-06-28T10:49:49.184Z
sansChrono,2024-06-28T10:49:59.884Z
chrono,2024-06-28T10:50:10.026Z
chrono,2024-06-28T10:50:14.199Z
sansChrono,2024-06-28T09:52:17.005Z
chrono,2024-06-28T10:50:33.785Z
chrono,2024-06-28T10:50:29.925Z
sansChrono,2024-06-28T10:50:44.920Z
sansChrono,2024-06-28T10:51:07.637Z
sansChrono,2024-06-28T10:51:14.515Z
chrono,2024-06-28T10:51:36.038Z
sansChrono,2024-06-28T10:51:58.400Z
sansChrono,2024-06-28T10:52:01.134Z
sansChrono,2024-06-28T10:52:16.039Z
chrono,2024-06-28T10:52:23.241Z
chrono,2024-06-28T10:52:42.694Z
sansChrono,2024-06-28T10:52:49.939Z
sansChrono,2024-06-28T10:52:55.015Z
sansChrono,2024-06-28T10:52:59.619Z
chrono,2024-06-28T10:53:06.782Z
sansChrono,2024-06-28T10:53:15.949Z
sansChrono,2024-06-28T10:53:24.395Z
chrono,2024-06-28T10:53:34.754Z
sansChrono,2024-06-28T10:53:38.584Z
sansChrono,2024-06-28T10:53:39.727Z
sansChrono,2024-06-28T10:53:47.156Z
sansChrono,2024-06-28T10:52:36.048Z
sansChrono,2024-06-28T10:54:09.296Z
sansChrono,2024-06-28T10:54:40.517Z
sansChrono,2024-06-28T10:54:41.496Z
sansChrono,2024-06-28T10:55:02.902Z
chrono,2024-06-28T10:55:11.660Z
sansChrono,2024-06-28T10:55:27.301Z
sansChrono,2024-06-28T10:56:03.285Z
sansChrono,2024-06-28T10:56:09.653Z
sansChrono,2024-06-28T10:56:13.987Z
sansChrono,2024-06-28T10:56:28.212Z
sansChrono,2024-06-28T10:56:34.386Z
sansChrono,2024-06-28T10:56:41.493Z
sansChrono,2024-06-28T10:56:41.027Z
sansChrono,2024-06-28T10:56:46.671Z
sansChrono,2024-06-28T10:57:13.343Z
sansChrono,2024-06-28T10:57:14.068Z
chrono,2024-06-28T10:57:45.447Z
sansChrono,2024-06-28T10:57:49.134Z
chrono,2024-06-28T10:58:13.161Z
chrono,2024-06-28T10:58:22.642Z
sansChrono,2024-06-28T10:58:23.450Z
sansChrono,2024-06-28T10:58:26.796Z
sansChrono,2024-06-28T10:58:28.952Z
sansChrono,2024-06-28T10:59:03.034Z
sansChrono,2024-06-28T10:59:05.359Z
sansChrono,2024-06-28T10:59:19.104Z
sansChrono,2024-06-28T10:59:18.959Z
sansChrono,2024-06-28T10:59:33.781Z
sansChrono,2024-06-28T10:59:49.389Z
sansChrono,2024-06-28T11:00:00.048Z
sansChrono,2024-06-28T11:00:09.947Z
chrono,2024-06-28T11:00:15.679Z
sansChrono,2024-06-28T11:00:34.331Z
chrono,2024-06-28T11:00:48.828Z
chrono,2024-06-28T11:00:56.760Z
sansChrono,2024-06-28T11:01:05.669Z
chrono,2024-06-28T11:01:03.790Z
chrono,2024-06-28T11:01:16.830Z
sansChrono,2024-06-28T11:01:39.993Z
sansChrono,2024-06-28T11:01:53.961Z
sansChrono,2024-06-28T11:01:56.936Z
sansChrono,2024-06-28T11:01:59.379Z
chrono,2024-06-28T11:02:04.980Z
sansChrono,2024-06-28T11:02:08.320Z
sansChrono,2024-06-28T11:02:13.872Z
sansChrono,2024-06-28T11:02:17.204Z
sansChrono,2024-06-28T11:02:18.536Z
sansChrono,2024-06-28T11:02:32.635Z
sansChrono,2024-06-28T11:02:38.309Z
chrono,2024-06-28T11:02:51.197Z
sansChrono,2024-06-28T11:02:54.746Z
sansChrono,2024-06-28T11:03:03.112Z
sansChrono,2024-06-28T11:03:03.126Z
sansChrono,2024-06-28T11:03:07.190Z
sansChrono,2024-06-28T11:03:09.823Z
sansChrono,2024-06-28T11:03:16.289Z
chrono,2024-06-28T11:03:27.650Z
sansChrono,2024-06-28T11:03:22.152Z
sansChrono,2024-06-28T11:03:28.411Z
chrono,2024-06-28T11:03:33.932Z
sansChrono,2024-06-28T11:03:46.128Z
sansChrono,2024-06-28T11:03:48.756Z
sansChrono,2024-06-28T11:03:53.706Z
sansChrono,2024-06-28T11:03:57.903Z
sansChrono,2024-06-28T11:04:20.455Z
sansChrono,2024-06-28T11:04:20.514Z
sansChrono,2024-06-28T11:04:28.515Z
chrono,2024-06-28T11:04:39.100Z
chrono,2024-06-28T11:04:41.255Z
sansChrono,2024-06-28T11:05:02.514Z
sansChrono,2024-06-28T11:05:12.673Z
chrono,2024-06-28T11:05:11.700Z
sansChrono,2024-06-28T11:05:14.624Z
sansChrono,2024-06-28T11:07:00.419Z
chrono,2024-06-28T11:05:21.502Z
chrono,2024-06-28T11:05:23.460Z
chrono,2024-06-28T11:05:37.356Z
chrono,2024-06-28T11:05:40.679Z
sansChrono,2024-06-28T11:05:59.139Z
chrono,2024-06-28T11:06:08.802Z
sansChrono,2024-06-28T11:06:06.098Z
chrono,2024-06-28T11:06:33.790Z
chrono,2024-06-28T11:06:38.153Z
sansChrono,2024-06-28T11:07:04.345Z
sansChrono,2024-06-28T11:07:12.427Z
chrono,2024-06-28T11:07:16.247Z
sansChrono,2024-06-28T11:07:26.897Z
sansChrono,2024-06-28T11:07:32.866Z
sansChrono,2024-06-28T11:07:48.239Z
chrono,2024-06-28T11:07:55.023Z
sansChrono,2024-06-28T11:07:57.224Z
sansChrono,2024-06-28T11:08:00.833Z
chrono,2024-06-28T11:08:05.571Z
sansChrono,2024-06-28T11:08:05.873Z
chrono,2024-06-28T11:08:14.213Z
chrono,2024-06-28T11:08:14.147Z
sansChrono,2024-06-28T11:08:18.136Z
sansChrono,2024-06-28T11:08:27.647Z
sansChrono,2024-06-28T11:08:31.478Z
sansChrono,2024-06-28T11:08:34.554Z
sansChrono,2024-06-28T11:08:38.057Z
sansChrono,2024-06-28T11:08:39.121Z
sansChrono,2024-06-28T11:08:43.523Z
sansChrono,2024-06-28T11:08:45.454Z
chrono,2024-06-28T11:09:00.535Z
sansChrono,2024-06-28T11:09:00.962Z
chrono,2024-06-28T11:09:09.303Z
chrono,2024-06-28T11:09:11.816Z
chrono,2024-06-28T11:09:16.508Z
sansChrono,2024-06-28T11:09:14.679Z
chrono,2024-06-28T11:09:20.997Z
chrono,2024-06-28T11:09:24.984Z
chrono,2024-06-28T11:09:22.269Z
sansChrono,2024-06-28T11:09:32.212Z
sansChrono,2024-06-28T11:09:43.941Z
sansChrono,2024-06-28T11:09:57.230Z
sansChrono,2024-06-28T11:10:05.559Z
sansChrono,2024-06-28T11:10:07.685Z
sansChrono,2024-06-28T11:10:09.337Z
sansChrono,2024-06-28T11:10:09.523Z
sansChrono,2024-06-28T11:10:22.418Z
sansChrono,2024-06-28T11:10:34.412Z
chrono,2024-06-28T11:10:38.543Z
sansChrono,2024-06-28T11:26:58.914Z
sansChrono,2024-06-28T11:10:49.252Z
sansChrono,2024-06-28T11:11:11.992Z
sansChrono,2024-06-28T11:11:15.827Z
sansChrono,2024-06-28T11:11:23.460Z
chrono,2024-06-28T11:11:35.084Z
sansChrono,2024-06-28T11:11:37.888Z
sansChrono,2024-06-28T11:11:37.980Z
chrono,2024-06-28T11:11:41.908Z
chrono,2024-06-28T11:11:43.799Z
sansChrono,2024-06-28T11:11:47.867Z
chrono,2024-06-28T11:11:54.573Z
sansChrono,2024-06-28T11:11:56.635Z
chrono,2024-06-28T11:12:00.916Z
sansChrono,2024-06-28T11:12:07.319Z
chrono,2024-06-28T11:12:06.240Z
chrono,2024-06-28T11:12:09.863Z
sansChrono,2024-06-28T11:12:13.392Z
sansChrono,2024-06-28T11:12:22.826Z
sansChrono,2024-06-28T11:12:19.302Z
chrono,2024-06-28T11:12:29.222Z
sansChrono,2024-06-28T11:12:35.136Z
chrono,2024-06-28T11:12:47.668Z
sansChrono,2024-06-28T11:12:52.732Z
sansChrono,2024-06-28T11:12:54.185Z
sansChrono,2024-06-28T11:13:02.779Z
sansChrono,2024-06-28T11:13:32.083Z
sansChrono,2024-06-28T11:13:36.677Z
sansChrono,2024-06-28T11:13:42.864Z
sansChrono,2024-06-28T11:13:58.255Z
chrono,2024-06-28T11:14:05.792Z
chrono,2024-06-28T11:14:17.491Z
sansChrono,2024-06-28T11:14:22.274Z
sansChrono,2024-06-28T11:14:25.239Z
chrono,2024-06-28T11:14:32.400Z
sansChrono,2024-06-28T11:14:36.199Z
sansChrono,2024-06-28T11:14:37.526Z
sansChrono,2024-06-28T11:14:40.203Z
chrono,2024-06-28T11:14:42.791Z
sansChrono,2024-06-28T11:14:49.977Z
sansChrono,2024-06-28T11:14:54.400Z
chrono,2024-06-28T11:15:02.954Z
sansChrono,2024-06-28T11:15:09.218Z
sansChrono,2024-06-28T11:15:12.643Z
sansChrono,2024-06-28T11:15:20.572Z
chrono,2024-06-28T11:15:26.491Z
chrono,2024-06-28T11:15:35.375Z
sansChrono,2024-06-28T11:15:27.859Z
sansChrono,2024-06-28T11:15:37.228Z
sansChrono,2024-06-28T11:15:44.675Z
chrono,2024-06-28T11:15:53.282Z
chrono,2024-06-28T11:15:56.210Z
sansChrono,2024-06-28T11:16:13.420Z
sansChrono,2024-06-28T11:16:21.404Z
sansChrono,2024-06-28T11:16:26.710Z
sansChrono,2024-06-28T11:16:32.092Z
sansChrono,2024-06-28T11:16:37.475Z
chrono,2024-06-28T11:16:39.310Z
sansChrono,2024-06-28T11:16:41.059Z
chrono,2024-06-28T11:16:57.091Z
sansChrono,2024-06-28T11:17:08.361Z
chrono,2024-06-28T11:17:07.676Z
chrono,2024-06-28T11:17:17.150Z
chrono,2024-06-28T11:17:26.711Z
chrono,2024-06-28T11:17:28.540Z
sansChrono,2024-06-28T11:17:35.951Z
sansChrono,2024-06-28T11:17:44.538Z
sansChrono,2024-06-28T11:17:50.772Z
sansChrono,2024-06-28T11:18:00.738Z
sansChrono,2024-06-28T11:18:04.388Z
sansChrono,2024-06-28T11:18:09.805Z
chrono,2024-06-28T11:18:19.432Z
chrono,2024-06-28T11:18:30.541Z
chrono,2024-06-28T11:18:38.254Z
sansChrono,2024-06-28T11:18:38.046Z
chrono,2024-06-28T11:18:39.966Z
chrono,2024-06-28T11:18:44.849Z
sansChrono,2024-06-28T11:18:53.802Z
chrono,2024-06-28T11:18:57.026Z
sansChrono,2024-06-28T11:19:05.605Z
chrono,2024-06-28T11:19:17.438Z
sansChrono,2024-06-28T11:19:23.390Z
chrono,2024-06-28T11:19:31.413Z
sansChrono,2024-06-28T11:19:34.624Z
chrono,2024-06-28T11:19:44.306Z
sansChrono,2024-06-28T11:19:46.498Z
chrono,2024-06-28T11:19:55.085Z
sansChrono,2024-06-28T11:19:58.957Z
sansChrono,2024-06-28T11:20:00.881Z
sansChrono,2024-06-28T11:20:07.324Z
sansChrono,2024-06-28T11:20:14.304Z
sansChrono,2024-06-28T11:20:13.841Z
sansChrono,2024-06-28T11:20:19.226Z
sansChrono,2024-06-28T11:20:28.099Z
sansChrono,2024-06-28T11:20:35.002Z
sansChrono,2024-06-28T11:20:37.076Z
chrono,2024-06-28T11:20:53.172Z
chrono,2024-06-28T11:21:05.322Z
sansChrono,2024-06-28T11:21:09.276Z
sansChrono,2024-06-28T11:21:13.050Z
chrono,2024-06-28T11:21:13.716Z
sansChrono,2024-06-28T11:21:14.351Z
chrono,2024-06-28T11:21:20.024Z
sansChrono,2024-06-28T11:21:47.019Z
sansChrono,2024-06-28T11:21:48.808Z
sansChrono,2024-06-28T11:22:01.540Z
sansChrono,2024-06-28T11:22:08.557Z
sansChrono,2024-06-28T11:22:24.066Z
chrono,2024-06-28T11:22:28.608Z
sansChrono,2024-06-28T11:22:31.878Z
sansChrono,2024-06-28T11:22:30.079Z
sansChrono,2024-06-28T11:22:52.783Z
sansChrono,2024-06-28T11:23:41.205Z
sansChrono,2024-06-28T11:23:41.398Z
sansChrono,2024-06-28T11:23:59.187Z
chrono,2024-06-28T11:24:06.501Z
chrono,2024-06-28T11:24:21.569Z
sansChrono,2024-06-28T11:24:33.674Z
sansChrono,2024-06-28T11:24:35.842Z
sansChrono,2024-06-28T11:24:40.315Z
sansChrono,2024-06-28T11:24:56.161Z
sansChrono,2024-06-28T11:25:04.821Z
sansChrono,2024-06-28T11:25:08.516Z
sansChrono,2024-06-28T11:25:14.311Z
chrono,2024-06-28T11:25:19.400Z
chrono,2024-06-28T11:25:31.267Z
sansChrono,2024-06-28T11:25:35.782Z
sansChrono,2024-06-28T11:25:40.005Z
sansChrono,2024-06-28T11:25:51.522Z
sansChrono,2024-06-28T11:25:58.273Z
sansChrono,2024-06-28T11:26:13.656Z
sansChrono,2024-06-28T11:26:21.198Z
chrono,2024-06-28T11:26:31.642Z
chrono,2024-06-28T11:26:43.789Z
sansChrono,2024-06-28T11:26:49.917Z
sansChrono,2024-06-28T11:26:47.736Z
sansChrono,2024-06-28T11:26:55.968Z
chrono,2024-06-28T11:26:59.981Z
sansChrono,2024-06-28T11:27:06.426Z
sansChrono,2024-06-28T11:27:11.427Z
sansChrono,2024-06-28T11:27:28.996Z
sansChrono,2024-06-28T11:27:36.327Z
sansChrono,2024-06-28T11:27:46.324Z
sansChrono,2024-06-28T11:27:51.160Z
chrono,2024-06-28T11:28:06.758Z
sansChrono,2024-06-28T11:28:06.391Z
sansChrono,2024-06-28T11:28:20.579Z
sansChrono,2024-06-28T11:28:14.264Z
chrono,2024-06-28T11:28:16.334Z
sansChrono,2024-06-28T11:28:19.257Z
sansChrono,2024-06-28T11:28:22.920Z
sansChrono,2024-06-28T11:24:40.752Z
sansChrono,2024-06-28T11:28:34.623Z
sansChrono,2024-06-28T11:28:37.158Z
sansChrono,2024-06-28T11:28:41.255Z
sansChrono,2024-06-28T11:28:45.215Z
sansChrono,2024-06-28T11:28:49.120Z
sansChrono,2024-06-28T11:24:45.961Z
sansChrono,2024-06-28T11:29:01.068Z
sansChrono,2024-06-28T11:29:18.419Z
chrono,2024-06-28T11:29:19.326Z
sansChrono,2024-06-28T11:29:28.485Z
chrono,2024-06-28T11:29:37.964Z
sansChrono,2024-06-28T11:29:40.594Z
sansChrono,2024-06-28T11:29:45.363Z
sansChrono,2024-06-28T11:34:27.831Z
sansChrono,2024-06-28T11:29:49.994Z
sansChrono,2024-06-28T11:30:00.657Z
sansChrono,2024-06-28T11:30:13.255Z
sansChrono,2024-06-28T11:30:15.836Z
sansChrono,2024-06-28T11:30:14.802Z
chrono,2024-06-28T11:30:39.155Z
sansChrono,2024-06-28T11:30:50.304Z
sansChrono,2024-06-28T11:30:53.448Z
chrono,2024-06-28T11:30:56.364Z
sansChrono,2024-06-28T11:31:00.307Z
sansChrono,2024-06-28T11:31:08.877Z
sansChrono,2024-06-28T11:31:10.094Z
chrono,2024-06-28T11:31:11.603Z
sansChrono,2024-06-28T11:31:12.816Z
sansChrono,2024-06-28T11:31:13.481Z
chrono,2024-06-28T11:31:21.669Z
sansChrono,2024-06-28T11:31:24.433Z
sansChrono,2024-06-28T11:31:26.260Z
sansChrono,2024-06-28T11:31:27.625Z
sansChrono,2024-06-28T11:31:30.244Z
sansChrono,2024-06-28T11:31:40.622Z
chrono,2024-06-28T11:31:51.786Z
sansChrono,2024-06-28T11:31:59.909Z
sansChrono,2024-06-28T11:32:10.179Z
chrono,2024-06-28T11:32:20.674Z
sansChrono,2024-06-28T11:32:30.648Z
sansChrono,2024-06-28T11:32:31.864Z
sansChrono,2024-06-28T11:32:36.809Z
sansChrono,2024-06-28T11:32:54.529Z
sansChrono,2024-06-28T11:32:58.110Z
chrono,2024-06-28T11:33:07.906Z
sansChrono,2024-06-28T11:33:09.544Z
sansChrono,2024-06-28T11:33:12.253Z
sansChrono,2024-06-28T11:33:11.770Z
sansChrono,2024-06-28T11:33:27.117Z
chrono,2024-06-28T11:33:48.000Z
sansChrono,2024-06-28T11:33:50.397Z
sansChrono,2024-06-28T11:33:49.071Z
chrono,2024-06-28T11:33:56.074Z
sansChrono,2024-06-28T11:33:54.918Z
sansChrono,2024-06-28T11:33:58.526Z
chrono,2024-06-28T11:30:51.284Z
sansChrono,2024-06-28T11:34:03.966Z
chrono,2024-06-28T11:34:05.819Z
chrono,2024-06-28T11:34:13.974Z
chrono,2024-06-28T11:34:12.147Z
chrono,2024-06-28T11:34:25.134Z
chrono,2024-06-28T11:34:31.719Z
chrono,2024-06-28T11:34:53.827Z
sansChrono,2024-06-28T11:35:02.710Z
sansChrono,2024-06-28T11:35:08.076Z
sansChrono,2024-06-28T11:35:21.328Z
sansChrono,2024-06-28T11:35:26.623Z
sansChrono,2024-06-28T11:35:27.320Z
chrono,2024-06-28T11:35:41.848Z
sansChrono,2024-06-28T11:35:48.699Z
sansChrono,2024-06-28T11:36:04.784Z
sansChrono,2024-06-28T11:36:07.826Z
sansChrono,2024-06-28T11:36:13.390Z
chrono,2024-06-28T11:36:17.965Z
chrono,2024-06-28T11:36:21.441Z
sansChrono,2024-06-28T11:36:23.416Z
chrono,2024-06-28T11:36:47.942Z
chrono,2024-06-28T11:36:48.518Z
chrono,2024-06-28T11:37:03.669Z
chrono,2024-06-28T11:37:07.044Z
sansChrono,2024-06-28T11:37:15.349Z
sansChrono,2024-06-28T11:37:18.143Z
chrono,2024-06-28T11:39:28.069Z
sansChrono,2024-06-28T11:37:47.386Z
sansChrono,2024-06-28T11:39:32.585Z
sansChrono,2024-06-28T11:37:50.808Z
sansChrono,2024-06-28T11:37:52.503Z
sansChrono,2024-06-28T11:37:53.819Z
chrono,2024-06-28T11:38:00.715Z
sansChrono,2024-06-28T11:38:02.933Z
sansChrono,2024-06-28T11:38:01.096Z
sansChrono,2024-06-28T11:38:12.033Z
chrono,2024-06-28T11:38:21.600Z
sansChrono,2024-06-28T11:38:23.647Z
sansChrono,2024-06-28T11:38:26.442Z
sansChrono,2024-06-28T11:38:29.819Z
chrono,2024-06-28T11:38:35.769Z
chrono,2024-06-28T11:38:44.487Z
sansChrono,2024-06-28T11:38:47.266Z
chrono,2024-06-28T11:38:51.728Z
sansChrono,2024-06-28T11:38:59.960Z
sansChrono,2024-06-28T11:39:02.919Z
sansChrono,2024-06-28T11:35:56.240Z
sansChrono,2024-06-28T11:39:12.422Z
sansChrono,2024-06-28T11:39:21.267Z
sansChrono,2024-06-28T11:39:39.280Z
chrono,2024-06-28T11:39:40.809Z
sansChrono,2024-06-28T11:39:43.109Z
sansChrono,2024-06-28T11:39:13.439Z
sansChrono,2024-06-28T11:39:55.866Z
chrono,2024-06-28T11:40:10.116Z
sansChrono,2024-06-28T11:40:16.746Z
chrono,2024-06-28T11:42:06.275Z
chrono,2024-06-28T11:40:34.589Z
sansChrono,2024-06-28T11:40:45.072Z
sansChrono,2024-06-28T11:40:47.697Z
sansChrono,2024-06-28T11:40:55.947Z
chrono,2024-06-28T11:41:02.399Z
