mode,score,datetime
sansChrono,0,2024-06-28T09:45:37.304Z
sansChrono,1,2024-06-28T09:48:16.809Z
sansChrono,10,2024-06-28T10:00:02.827Z
chrono,34,2024-06-28T10:02:25.872Z
chrono,25,2024-06-28T10:06:59.366Z
chrono,29,2024-06-28T10:07:45.642Z
chrono,31,2024-06-28T10:09:38.448Z
chrono,29,2024-06-28T10:10:07.600Z
chrono,33,2024-06-28T10:10:25.674Z
chrono,35,2024-06-28T10:10:56.293Z
chrono,22,2024-06-28T10:11:19.014Z
chrono,40,2024-06-28T10:14:30.317Z
sansChrono,1,2024-06-28T10:23:12.825Z
sansChrono,7,2024-06-28T10:23:28.692Z
sansChrono,60,2024-06-28T10:25:13.742Z
sansChrono,149,2024-06-28T10:25:37.893Z
sansChrono,0,2024-06-28T10:26:03.408Z
sansChrono,0,2024-06-28T10:26:11.916Z
sansChrono,67,2024-06-28T10:27:54.152Z
chrono,28,2024-06-28T10:28:50.011Z
chrono,29,2024-06-28T10:28:50.612Z
sansChrono,85,2024-06-28T10:29:23.856Z
chrono,28,2024-06-28T10:29:54.915Z
chrono,38,2024-06-28T10:30:37.902Z
sansChrono,0,2024-06-28T10:33:28.196Z
sansChrono,0,2024-06-28T10:33:34.829Z
chrono,17,2024-06-28T10:37:49.026Z
chrono,17,2024-06-28T10:39:59.419Z
sansChrono,7,2024-06-28T10:43:17.342Z
sansChrono,47,2024-06-28T10:44:19.015Z
sansChrono,93,2024-06-28T10:44:55.030Z
chrono,29,2024-06-28T10:46:02.581Z
chrono,19,2024-06-28T10:46:19.250Z
chrono,28,2024-06-28T10:47:00.063Z
chrono,40,2024-06-28T10:49:30.337Z
chrono,10,2024-06-28T10:50:13.272Z
chrono,16,2024-06-28T10:50:28.961Z
chrono,30,2024-06-28T10:51:35.303Z
chrono,22,2024-06-28T10:52:21.648Z
sansChrono,0,2024-06-28T10:52:41.429Z
sansChrono,0,2024-06-28T10:52:58.837Z
chrono,37,2024-06-28T10:53:05.898Z
sansChrono,48,2024-06-28T10:53:15.073Z
chrono,38,2024-06-28T10:57:44.556Z
sansChrono,177,2024-06-28T10:58:25.903Z
sansChrono,0,2024-06-28T10:59:01.897Z
sansChrono,61,2024-06-28T11:00:09.059Z
chrono,22,2024-06-28T11:00:47.682Z
chrono,33,2024-06-28T11:00:55.462Z
sansChrono,0,2024-06-28T11:01:55.776Z
chrono,25,2024-06-28T11:02:50.085Z
sansChrono,105,2024-06-28T11:02:53.720Z
chrono,121,2024-06-28T11:03:26.432Z
sansChrono,0,2024-06-28T11:03:47.346Z
chrono,34,2024-06-28T11:04:37.598Z
chrono,27,2024-06-28T11:06:09.497Z
chrono,33,2024-06-28T11:07:15.138Z
chrono,29,2024-06-28T11:07:45.960Z
chrono,28,2024-06-28T11:07:54.008Z
sansChrono,0,2024-06-28T11:08:04.971Z
chrono,28,2024-06-28T11:08:12.924Z
sansChrono,1,2024-06-28T11:08:32.924Z
chrono,22,2024-06-28T11:09:08.171Z
chrono,32,2024-06-28T11:09:10.693Z
sansChrono,34,2024-06-28T11:09:56.025Z
chrono,35,2024-06-28T11:10:37.593Z
sansChrono,1,2024-06-28T11:27:30.847Z
chrono,31,2024-06-28T11:11:33.834Z
chrono,33,2024-06-28T11:11:53.467Z
chrono,18,2024-06-28T11:11:59.957Z
sansChrono,0,2024-06-28T11:11:58.992Z
chrono,33,2024-06-28T11:12:05.232Z
sansChrono,0,2024-06-28T11:12:21.666Z
sansChrono,0,2024-06-28T11:13:35.442Z
chrono,43,2024-06-28T11:14:16.454Z
sansChrono,0,2024-06-28T11:14:39.322Z
chrono,40,2024-06-28T11:14:41.936Z
chrono,24,2024-06-28T11:15:01.869Z
chrono,13,2024-06-28T11:15:25.371Z
chrono,26,2024-06-28T11:16:38.151Z
sansChrono,0,2024-06-28T11:18:03.357Z
chrono,25,2024-06-28T11:18:29.459Z
chrono,24,2024-06-28T11:19:30.142Z
chrono,38,2024-06-28T11:20:00.403Z
sansChrono,3,2024-06-28T11:20:06.010Z
chrono,14,2024-06-28T11:20:51.959Z
chrono,12,2024-06-28T11:21:10.345Z
chrono,24,2024-06-28T11:21:18.818Z
sansChrono,16,2024-06-28T11:22:07.448Z
chrono,33,2024-06-28T11:22:20.848Z
chrono,27,2024-06-28T11:22:27.616Z
sansChrono,0,2024-06-28T11:23:39.951Z
sansChrono,75,2024-06-28T11:23:58.291Z
sansChrono,0,2024-06-28T11:25:03.768Z
sansChrono,88,2024-06-28T11:26:54.863Z
chrono,25,2024-06-28T11:28:05.656Z
sansChrono,0,2024-06-28T11:28:46.066Z
chrono,25,2024-06-28T11:29:18.339Z
sansChrono,0,2024-06-28T11:29:39.275Z
sansChrono,101,2024-06-28T11:30:00.219Z
sansChrono,0,2024-06-28T11:30:13.219Z
sansChrono,11,2024-06-28T11:31:07.708Z
chrono,47,2024-06-28T11:31:10.136Z
sansChrono,0,2024-06-28T11:31:13.397Z
sansChrono,12,2024-06-28T11:31:58.932Z
chrono,23,2024-06-28T11:33:54.946Z
chrono,21,2024-06-28T11:34:24.216Z
chrono,31,2024-06-28T11:34:52.805Z
sansChrono,0,2024-06-28T11:35:26.357Z
chrono,31,2024-06-28T11:35:40.799Z
sansChrono,66,2024-06-28T11:36:12.356Z
chrono,22,2024-06-28T11:36:20.216Z
chrono,24,2024-06-28T11:36:46.881Z
chrono,30,2024-06-28T11:36:47.462Z
sansChrono,64,2024-06-28T11:39:31.424Z
sansChrono,0,2024-06-28T11:38:01.440Z
chrono,34,2024-06-28T11:38:50.711Z
sansChrono,0,2024-06-28T11:38:58.864Z
chrono,22,2024-06-28T11:39:39.779Z
sansChrono,0,2024-06-28T11:40:15.572Z
chrono,17,2024-06-28T11:42:04.243Z
chrono,42,2024-06-28T11:40:33.571Z
chrono,22,2024-06-28T11:41:07.491Z
chrono,21,2024-06-28T11:41:17.563Z
sansChrono,0,2024-06-28T11:42:25.789Z
chrono,20,2024-06-28T11:45:44.726Z
sansChrono,0,2024-06-28T11:44:31.032Z
sansChrono,0,2024-06-28T11:44:10.800Z
chrono,33,2024-06-28T11:44:13.579Z
sansChrono,0,2024-06-28T11:44:35.107Z
sansChrono,60,2024-06-28T11:44:37.598Z
chrono,37,2024-06-28T11:45:06.715Z
chrono,28,2024-06-28T11:46:56.404Z
chrono,30,2024-06-28T11:47:04.334Z
chrono,34,2024-06-28T11:47:24.491Z
sansChrono,0,2024-06-28T11:47:32.797Z
chrono,30,2024-06-28T11:47:50.199Z
sansChrono,0,2024-06-28T11:47:55.198Z
sansChrono,0,2024-06-28T11:48:46.613Z
sansChrono,0,2024-06-28T11:48:48.450Z
sansChrono,70,2024-06-28T11:49:12.474Z
chrono,23,2024-06-28T11:49:21.028Z
chrono,26,2024-06-28T11:49:33.087Z
sansChrono,138,2024-06-28T11:49:43.005Z
chrono,32,2024-06-28T11:49:52.069Z
chrono,37,2024-06-28T11:49:52.936Z
chrono,19,2024-06-28T11:50:35.836Z
chrono,44,2024-06-28T11:50:47.434Z
chrono,26,2024-06-28T11:51:22.223Z
sansChrono,0,2024-06-28T11:51:25.664Z
chrono,390,2024-06-28T11:52:07.418Z
chrono,36,2024-06-28T11:52:19.770Z
chrono,26,2024-06-28T11:52:24.022Z
chrono,32,2024-06-28T11:52:23.929Z
sansChrono,101,2024-06-28T11:52:34.046Z
chrono,36,2024-06-28T11:53:10.466Z
chrono,44,2024-06-28T11:53:23.769Z
sansChrono,40,2024-06-28T11:53:27.420Z
sansChrono,30,2024-06-28T11:54:47.978Z
chrono,19,2024-06-28T11:54:52.391Z
chrono,37,2024-06-28T11:55:05.234Z
chrono,28,2024-06-28T11:55:43.950Z
chrono,30,2024-06-28T11:55:48.086Z
chrono,42,2024-06-28T11:55:54.504Z
chrono,22,2024-06-28T11:56:19.790Z
chrono,26,2024-06-28T11:56:23.942Z
sansChrono,128,2024-06-28T11:57:01.488Z
chrono,15,2024-06-28T11:57:10.554Z
sansChrono,0,2024-06-28T11:57:17.061Z
chrono,40,2024-06-28T11:57:46.790Z
chrono,20,2024-06-28T11:57:53.500Z
chrono,14,2024-06-28T11:58:03.256Z
chrono,14,2024-06-28T11:58:13.895Z
chrono,36,2024-06-28T11:58:47.731Z
sansChrono,204,2024-06-28T11:59:06.117Z
chrono,34,2024-06-28T11:59:06.626Z
chrono,43,2024-06-28T12:00:30.452Z
chrono,19,2024-06-28T12:00:36.250Z
sansChrono,57,2024-06-28T12:00:53.460Z
chrono,43,2024-06-28T12:01:06.294Z
chrono,28,2024-06-28T12:01:13.393Z
sansChrono,52,2024-06-28T12:01:34.950Z
sansChrono,1,2024-06-28T12:01:34.056Z
chrono,40,2024-06-28T12:01:37.616Z
chrono,24,2024-06-28T12:01:56.433Z
chrono,14,2024-06-28T12:01:57.573Z
chrono,43,2024-06-28T12:03:17.814Z
chrono,29,2024-06-28T12:05:17.356Z
chrono,19,2024-06-28T12:05:20.323Z
chrono,8,2024-06-28T12:05:36.402Z
sansChrono,0,2024-06-28T12:05:48.518Z
sansChrono,0,2024-06-28T12:06:28.017Z
chrono,12,2024-06-28T12:07:10.001Z
sansChrono,49,2024-06-28T12:07:13.553Z
chrono,17,2024-06-28T12:07:53.759Z
sansChrono,141,2024-06-28T12:08:04.974Z
chrono,26,2024-06-28T12:08:42.727Z
sansChrono,0,2024-06-28T12:09:16.150Z
chrono,23,2024-06-28T12:10:04.454Z
chrono,38,2024-06-28T12:10:09.405Z
chrono,43,2024-06-28T12:10:20.458Z
chrono,32,2024-06-28T12:10:22.428Z
chrono,24,2024-06-28T12:11:08.038Z
sansChrono,0,2024-06-28T12:11:31.012Z
chrono,31,2024-06-28T12:11:39.876Z
chrono,19,2024-06-28T12:11:41.571Z
chrono,16,2024-06-28T12:11:53.233Z
chrono,45,2024-06-28T12:12:48.984Z
sansChrono,118,2024-06-28T12:12:46.855Z
sansChrono,0,2024-06-28T12:13:08.225Z
sansChrono,0,2024-06-28T12:13:35.452Z
chrono,23,2024-06-28T12:13:37.433Z
sansChrono,0,2024-06-28T12:14:24.904Z
chrono,20,2024-06-28T12:14:43.446Z
chrono,15,2024-06-28T12:15:04.991Z
chrono,33,2024-06-28T12:15:14.066Z
sansChrono,4,2024-06-28T12:16:00.315Z
chrono,34,2024-06-28T12:16:25.658Z
chrono,40,2024-06-28T12:16:51.988Z
chrono,25,2024-06-28T12:17:55.619Z
chrono,26,2024-06-28T12:18:02.208Z
chrono,15,2024-06-28T12:18:51.976Z
sansChrono,80,2024-06-28T12:19:09.097Z
sansChrono,62,2024-06-28T12:19:27.941Z
sansChrono,0,2024-06-28T12:19:27.155Z
chrono,25,2024-06-28T12:20:03.957Z
sansChrono,581,2024-06-28T12:20:08.626Z
chrono,38,2024-06-28T12:20:14.531Z
chrono,34,2024-06-28T12:20:43.524Z
chrono,25,2024-06-28T12:21:14.359Z
chrono,23,2024-06-28T12:21:45.201Z
sansChrono,0,2024-06-28T12:22:11.473Z
sansChrono,26,2024-06-28T12:22:16.992Z
sansChrono,0,2024-06-28T12:22:17.378Z
sansChrono,34,2024-06-28T12:22:45.505Z
chrono,32,2024-06-28T12:22:55.531Z
sansChrono,0,2024-06-28T12:22:57.082Z
chrono,26,2024-06-28T12:23:07.889Z
chrono,40,2024-06-28T12:23:28.038Z
chrono,25,2024-06-28T12:23:31.396Z
chrono,42,2024-06-28T12:23:46.616Z
chrono,49,2024-06-28T12:23:58.473Z
sansChrono,0,2024-06-28T12:24:01.296Z
chrono,32,2024-06-28T12:24:03.550Z
chrono,5,2024-06-28T12:24:48.000Z
sansChrono,11,2024-06-28T12:25:42.753Z
sansChrono,14,2024-06-28T12:25:52.633Z
sansChrono,0,2024-06-28T12:26:23.678Z
chrono,26,2024-06-28T12:26:29.876Z
chrono,30,2024-06-28T12:26:33.172Z
chrono,24,2024-06-28T12:26:48.911Z
chrono,39,2024-06-28T12:26:57.658Z
sansChrono,0,2024-06-28T12:27:02.193Z
chrono,30,2024-06-28T12:27:14.569Z
chrono,23,2024-06-28T12:27:18.438Z
chrono,19,2024-06-28T12:27:22.981Z
sansChrono,54,2024-06-28T12:27:29.849Z
sansChrono,0,2024-06-28T12:28:05.370Z
chrono,19,2024-06-28T12:28:53.562Z
chrono,29,2024-06-28T12:29:17.457Z
chrono,27,2024-06-28T12:29:23.321Z
sansChrono,79,2024-06-28T12:29:56.647Z
chrono,32,2024-06-28T12:30:00.330Z
chrono,32,2024-06-28T12:30:01.501Z
chrono,48,2024-06-28T12:30:12.429Z
chrono,47,2024-06-28T12:30:29.692Z
sansChrono,147,2024-06-28T12:30:33.478Z
sansChrono,0,2024-06-28T12:32:11.273Z
sansChrono,1,2024-06-28T12:32:16.735Z
chrono,17,2024-06-28T12:32:24.030Z
sansChrono,100,2024-06-28T12:33:09.431Z
sansChrono,0,2024-06-28T12:33:20.745Z
sansChrono,0,2024-06-28T12:33:29.438Z
chrono,20,2024-06-28T12:33:54.723Z
sansChrono,0,2024-06-28T12:34:25.366Z
chrono,18,2024-06-28T12:34:26.166Z
sansChrono,42,2024-06-28T12:34:45.672Z
chrono,26,2024-06-28T12:35:41.807Z
chrono,30,2024-06-28T12:35:45.163Z
chrono,34,2024-06-28T12:35:47.219Z
chrono,24,2024-06-28T12:36:42.109Z
chrono,35,2024-06-28T12:36:59.469Z
sansChrono,0,2024-06-28T12:37:38.132Z
sansChrono,0,2024-06-28T12:37:56.084Z
chrono,26,2024-06-28T12:38:01.895Z
sansChrono,2,2024-06-28T12:38:34.063Z
chrono,39,2024-06-28T12:38:42.031Z
chrono,32,2024-06-28T12:38:44.492Z
chrono,43,2024-06-28T12:38:54.188Z
sansChrono,0,2024-06-28T12:38:56.778Z
sansChrono,30,2024-06-28T12:39:02.483Z
sansChrono,202,2024-06-28T12:39:41.971Z
chrono,27,2024-06-28T12:40:27.897Z
chrono,29,2024-06-28T12:40:40.071Z
chrono,33,2024-06-28T12:41:36.449Z
sansChrono,140,2024-06-28T12:41:56.162Z
chrono,34,2024-06-28T12:42:18.788Z
sansChrono,0,2024-06-28T12:42:57.407Z
sansChrono,19,2024-06-28T12:43:27.776Z
sansChrono,112,2024-06-28T12:43:48.044Z
chrono,39,2024-06-28T12:43:58.767Z
sansChrono,35,2024-06-28T12:44:14.796Z
chrono,44,2024-06-28T12:44:16.677Z
chrono,30,2024-06-28T12:44:32.652Z
sansChrono,0,2024-06-28T12:45:13.602Z
chrono,37,2024-06-28T12:46:27.267Z
chrono,22,2024-06-28T12:46:46.788Z
chrono,57,2024-06-28T12:47:12.937Z
sansChrono,15,2024-06-28T12:47:23.624Z
sansChrono,0,2024-06-28T12:48:33.597Z
chrono,30,2024-06-28T12:48:43.748Z
chrono,36,2024-06-28T12:49:14.300Z
chrono,22,2024-06-28T12:49:57.938Z
chrono,28,2024-06-28T12:50:21.043Z
chrono,18,2024-06-28T12:50:36.169Z
chrono,20,2024-06-28T12:50:40.669Z
chrono,38,2024-06-28T12:50:51.477Z
sansChrono,202,2024-06-28T12:50:54.218Z
chrono,32,2024-06-28T12:51:11.155Z
chrono,28,2024-06-28T12:51:13.740Z
chrono,33,2024-06-28T12:51:12.872Z
chrono,26,2024-06-28T12:53:05.508Z
sansChrono,0,2024-06-28T12:51:28.324Z
sansChrono,0,2024-06-28T12:51:36.170Z
sansChrono,0,2024-06-28T12:51:47.381Z
sansChrono,133,2024-06-28T12:51:54.858Z
chrono,23,2024-06-28T12:52:45.532Z
chrono,51,2024-06-28T12:52:48.579Z
chrono,60,2024-06-28T12:53:41.676Z
chrono,20,2024-06-28T12:53:44.697Z
chrono,34,2024-06-28T12:53:49.711Z
chrono,45,2024-06-28T12:54:58.279Z
sansChrono,0,2024-06-28T12:56:22.670Z
sansChrono,0,2024-06-28T12:56:30.805Z
chrono,20,2024-06-28T12:56:42.504Z
sansChrono,0,2024-06-28T12:56:44.122Z
chrono,45,2024-06-28T12:56:55.118Z
sansChrono,87,2024-06-28T12:57:03.277Z
chrono,36,2024-06-28T12:57:12.799Z
chrono,39,2024-06-28T12:57:22.224Z
sansChrono,0,2024-06-28T12:57:34.630Z
chrono,31,2024-06-28T12:57:22.147Z
chrono,45,2024-06-28T12:57:49.108Z
sansChrono,0,2024-06-28T12:57:53.427Z
sansChrono,173,2024-06-28T12:58:59.556Z
sansChrono,0,2024-06-28T12:59:16.265Z
chrono,34,2024-06-28T13:00:12.978Z
chrono,45,2024-06-28T13:00:17.937Z
chrono,27,2024-06-28T13:01:18.050Z
chrono,30,2024-06-28T13:01:44.167Z
sansChrono,101,2024-06-28T13:01:48.696Z
chrono,19,2024-06-28T13:02:04.806Z
sansChrono,143,2024-06-28T13:02:10.817Z
sansChrono,42,2024-06-28T13:02:22.368Z
sansChrono,48,2024-06-28T13:02:23.179Z
chrono,14,2024-06-28T13:03:13.104Z
chrono,28,2024-06-28T13:03:31.197Z
chrono,13,2024-06-28T13:04:05.150Z
chrono,25,2024-06-28T13:04:10.467Z
sansChrono,0,2024-06-28T13:04:16.247Z
chrono,29,2024-06-28T13:04:35.857Z
chrono,24,2024-06-28T13:04:42.755Z
sansChrono,107,2024-06-28T13:05:05.690Z
chrono,34,2024-06-28T13:05:31.793Z
chrono,37,2024-06-28T13:04:16.128Z
sansChrono,0,2024-06-28T13:05:55.233Z
sansChrono,60,2024-06-28T13:06:02.268Z
chrono,19,2024-06-28T13:06:06.381Z
chrono,1,2024-06-28T13:06:11.893Z
sansChrono,0,2024-06-28T13:06:15.072Z
sansChrono,145,2024-06-28T13:06:26.563Z
sansChrono,0,2024-06-28T13:06:48.339Z
chrono,35,2024-06-28T13:07:22.842Z
sansChrono,9,2024-06-28T13:07:54.827Z
chrono,25,2024-06-28T13:09:15.717Z
chrono,38,2024-06-28T13:09:36.724Z
sansChrono,60,2024-06-28T13:09:49.588Z
chrono,15,2024-06-28T13:11:03.194Z
chrono,45,2024-06-28T13:11:13.027Z
chrono,28,2024-06-28T13:13:17.469Z
chrono,23,2024-06-28T13:13:17.193Z
sansChrono,0,2024-06-28T13:13:22.180Z
chrono,28,2024-06-28T13:13:51.277Z
chrono,29,2024-06-28T13:13:55.396Z
chrono,10,2024-06-28T13:14:05.548Z
chrono,33,2024-06-28T13:15:01.151Z
sansChrono,173,2024-06-28T13:17:33.091Z
chrono,28,2024-06-28T13:17:34.448Z
chrono,18,2024-06-28T13:17:40.373Z
chrono,32,2024-06-28T13:18:44.610Z
chrono,34,2024-06-28T13:19:07.883Z
chrono,21,2024-06-28T13:20:03.129Z
sansChrono,112,2024-06-28T13:20:14.263Z
sansChrono,0,2024-06-28T13:20:56.525Z
chrono,44,2024-06-28T13:21:14.522Z
chrono,24,2024-06-28T13:21:24.320Z
sansChrono,0,2024-06-28T13:21:37.973Z
sansChrono,27,2024-06-28T13:21:58.953Z
chrono,43,2024-06-28T13:22:41.368Z
sansChrono,157,2024-06-28T13:22:56.252Z
chrono,31,2024-06-28T13:23:47.040Z
chrono,27,2024-06-28T13:24:11.168Z
sansChrono,128,2024-06-28T13:25:13.649Z
chrono,29,2024-06-28T13:25:32.690Z
sansChrono,114,2024-06-28T13:25:40.613Z
sansChrono,0,2024-06-28T13:26:22.667Z
chrono,23,2024-06-28T13:27:09.176Z
chrono,43,2024-06-28T13:27:40.025Z
chrono,31,2024-06-28T13:28:24.238Z
sansChrono,0,2024-06-28T13:28:27.677Z
sansChrono,12,2024-06-28T13:28:34.952Z
sansChrono,40,2024-06-28T13:28:59.831Z
sansChrono,0,2024-06-28T13:29:11.707Z
chrono,51,2024-06-28T13:29:31.898Z
chrono,33,2024-06-28T13:30:02.027Z
sansChrono,125,2024-06-28T13:30:15.122Z
chrono,34,2024-06-28T13:30:20.322Z
sansChrono,102,2024-06-28T13:30:36.539Z
chrono,24,2024-06-28T13:30:39.035Z
chrono,42,2024-06-28T13:40:40.174Z
chrono,29,2024-06-28T13:31:22.262Z
chrono,32,2024-06-28T13:32:03.976Z
sansChrono,31,2024-06-28T13:32:23.469Z
sansChrono,0,2024-06-28T13:32:33.140Z
chrono,38,2024-06-28T13:33:14.979Z
sansChrono,91,2024-06-28T13:34:09.072Z
chrono,63,2024-06-28T13:34:42.429Z
sansChrono,24,2024-06-28T13:35:33.210Z
chrono,28,2024-06-28T13:35:47.703Z
chrono,18,2024-06-28T13:36:25.035Z
chrono,22,2024-06-28T13:36:31.876Z
chrono,43,2024-06-28T13:36:49.775Z
sansChrono,0,2024-06-28T13:38:01.833Z
chrono,45,2024-06-28T13:38:50.248Z
sansChrono,0,2024-06-28T13:39:04.589Z
chrono,30,2024-06-28T13:39:25.354Z
chrono,48,2024-06-28T13:39:43.705Z
chrono,18,2024-06-28T13:40:27.996Z
chrono,17,2024-06-28T13:41:05.715Z
sansChrono,0,2024-06-28T13:41:48.312Z
chrono,49,2024-06-28T13:42:27.475Z
sansChrono,1,2024-06-28T13:43:40.263Z
sansChrono,161,2024-06-28T13:43:51.890Z
chrono,37,2024-06-28T13:43:53.178Z
chrono,25,2024-06-28T13:43:53.183Z
chrono,15,2024-06-28T13:44:01.985Z
sansChrono,110,2024-06-28T13:45:01.917Z
sansChrono,0,2024-06-28T13:45:18.702Z
chrono,47,2024-06-28T13:45:28.015Z
sansChrono,0,2024-06-28T13:45:45.307Z
chrono,33,2024-06-28T13:46:37.662Z
sansChrono,0,2024-06-28T13:47:04.530Z
chrono,30,2024-06-28T13:47:15.021Z
chrono,20,2024-06-28T13:47:25.606Z
sansChrono,162,2024-06-28T13:47:57.528Z
chrono,11,2024-06-28T13:48:14.862Z
chrono,51,2024-06-28T13:48:19.229Z
chrono,18,2024-06-28T13:46:22.362Z
chrono,33,2024-06-28T13:50:00.899Z
chrono,44,2024-06-28T13:50:11.476Z
chrono,32,2024-06-28T13:50:13.876Z
chrono,14,2024-06-28T13:50:19.067Z
chrono,18,2024-06-28T13:50:23.553Z
sansChrono,200,2024-06-28T13:50:27.958Z
sansChrono,1,2024-06-28T13:51:01.226Z
sansChrono,183,2024-06-28T13:51:14.769Z
chrono,34,2024-06-28T13:51:25.849Z
sansChrono,155,2024-06-28T13:51:45.553Z
sansChrono,0,2024-06-28T13:51:58.574Z
chrono,30,2024-06-28T13:53:07.925Z
sansChrono,0,2024-06-28T13:53:51.958Z
sansChrono,0,2024-06-28T13:54:05.933Z
chrono,37,2024-06-28T13:54:17.906Z
chrono,26,2024-06-28T13:54:35.283Z
sansChrono,0,2024-06-28T13:55:04.371Z
sansChrono,0,2024-06-28T13:55:23.498Z
sansChrono,0,2024-06-28T13:55:21.063Z
sansChrono,0,2024-06-28T13:55:23.348Z
chrono,46,2024-06-28T13:57:03.303Z
chrono,25,2024-06-28T13:57:08.292Z
chrono,34,2024-06-28T13:57:35.099Z
sansChrono,33,2024-06-28T13:59:37.487Z
chrono,27,2024-06-28T13:59:55.516Z
sansChrono,7,2024-06-28T14:00:15.424Z
chrono,26,2024-06-28T14:00:37.780Z
sansChrono,89,2024-06-28T14:00:46.849Z
chrono,32,2024-06-28T14:01:01.795Z
sansChrono,0,2024-06-28T14:01:19.104Z
chrono,27,2024-06-28T14:02:57.972Z
sansChrono,23,2024-06-28T14:03:21.707Z
sansChrono,9,2024-06-28T14:03:51.564Z
chrono,23,2024-06-28T14:04:22.599Z
sansChrono,53,2024-06-28T14:04:38.291Z
sansChrono,15,2024-06-28T14:05:45.534Z
sansChrono,53,2024-06-28T14:06:02.813Z
sansChrono,213,2024-06-28T14:06:09.273Z
chrono,32,2024-06-28T14:07:13.099Z
sansChrono,0,2024-06-28T14:07:31.558Z
chrono,29,2024-06-28T14:09:21.943Z
chrono,23,2024-06-28T14:09:27.557Z
sansChrono,115,2024-06-28T14:09:32.111Z
sansChrono,0,2024-06-28T14:10:55.136Z
sansChrono,120,2024-06-28T14:11:02.349Z
chrono,19,2024-06-28T14:11:13.053Z
chrono,20,2024-06-28T14:11:59.706Z
chrono,37,2024-06-28T14:12:10.912Z
sansChrono,35,2024-06-28T14:12:13.285Z
sansChrono,0,2024-06-28T14:12:16.942Z
chrono,16,2024-06-28T14:12:27.219Z
sansChrono,113,2024-06-28T14:12:31.586Z
sansChrono,0,2024-06-28T14:13:38.607Z
sansChrono,0,2024-06-28T14:14:10.803Z
chrono,29,2024-06-28T14:14:17.970Z
chrono,21,2024-06-28T14:14:38.792Z
chrono,33,2024-06-28T14:14:43.604Z
sansChrono,0,2024-06-28T14:15:17.470Z
chrono,13,2024-06-28T14:16:08.288Z
chrono,33,2024-06-28T14:17:11.715Z
chrono,38,2024-06-28T14:17:18.584Z
sansChrono,112,2024-06-28T14:17:41.558Z
sansChrono,73,2024-06-28T14:17:52.953Z
chrono,21,2024-06-28T14:17:55.135Z
chrono,34,2024-06-28T14:18:08.556Z
chrono,30,2024-06-28T14:18:16.099Z
sansChrono,0,2024-06-28T14:19:21.222Z
chrono,14,2024-06-28T14:19:34.680Z
sansChrono,70,2024-06-28T14:19:54.754Z
chrono,28,2024-06-28T14:20:29.435Z
chrono,25,2024-06-28T14:20:43.049Z
chrono,19,2024-06-28T14:20:59.909Z
sansChrono,1,2024-06-28T14:22:19.144Z
chrono,26,2024-06-28T14:22:35.973Z
sansChrono,53,2024-06-28T14:23:45.436Z
sansChrono,181,2024-06-28T14:24:04.552Z
sansChrono,117,2024-06-28T14:24:54.138Z
sansChrono,0,2024-06-28T14:26:29.538Z
chrono,38,2024-06-28T14:26:39.514Z
sansChrono,0,2024-06-28T14:26:45.650Z
sansChrono,17,2024-06-28T14:26:50.319Z
chrono,31,2024-06-28T14:27:16.301Z
chrono,0,2024-06-28T14:27:48.679Z
sansChrono,0,2024-06-28T14:28:48.537Z
sansChrono,0,2024-06-28T14:29:15.321Z
chrono,30,2024-06-28T14:29:44.580Z
chrono,19,2024-06-28T14:29:45.850Z
sansChrono,0,2024-06-28T14:30:35.533Z
sansChrono,0,2024-06-28T14:31:28.672Z
chrono,29,2024-06-28T14:31:53.187Z
sansChrono,0,2024-06-28T14:31:54.010Z
chrono,21,2024-06-28T14:32:04.222Z
sansChrono,52,2024-06-28T14:33:43.506Z
sansChrono,121,2024-06-28T14:34:07.916Z
chrono,28,2024-06-28T14:35:06.156Z
chrono,0,2024-06-28T14:35:08.474Z
chrono,0,2024-06-28T14:35:37.718Z
chrono,28,2024-06-28T14:35:45.767Z
sansChrono,24,2024-06-28T14:35:50.432Z
sansChrono,320,2024-06-28T14:35:56.085Z
sansChrono,100,2024-06-28T14:36:06.780Z
sansChrono,17,2024-06-28T14:36:15.035Z
sansChrono,0,2024-06-28T14:36:34.918Z
chrono,29,2024-06-28T14:36:35.623Z
sansChrono,0,2024-06-28T14:37:08.970Z
sansChrono,54,2024-06-28T14:37:20.780Z
chrono,17,2024-06-28T14:37:47.637Z
sansChrono,0,2024-06-28T14:38:12.656Z
chrono,21,2024-06-28T14:38:29.862Z
chrono,29,2024-06-28T14:38:51.130Z
chrono,29,2024-06-28T14:39:04.831Z
sansChrono,228,2024-06-28T14:47:48.130Z
sansChrono,200,2024-06-28T14:39:59.894Z
chrono,36,2024-06-28T14:40:06.719Z
chrono,20,2024-06-28T14:40:12.423Z
chrono,22,2024-06-28T14:40:25.144Z
sansChrono,0,2024-06-28T14:40:28.379Z
sansChrono,0,2024-06-28T14:40:47.505Z
sansChrono,0,2024-06-28T14:41:15.487Z
chrono,27,2024-06-28T14:41:34.063Z
chrono,18,2024-06-28T14:41:37.294Z
chrono,23,2024-06-28T14:41:42.015Z
chrono,32,2024-06-28T14:41:52.961Z
sansChrono,0,2024-06-28T14:42:18.052Z
sansChrono,183,2024-06-28T14:42:36.868Z
chrono,13,2024-06-28T14:43:31.341Z
chrono,31,2024-06-28T14:43:53.241Z
chrono,25,2024-06-28T14:44:01.532Z
sansChrono,11,2024-06-28T14:44:16.438Z
sansChrono,1,2024-06-28T14:45:39.299Z
sansChrono,0,2024-06-28T14:46:35.861Z
sansChrono,8,2024-06-28T14:46:41.707Z
chrono,25,2024-06-28T14:46:56.006Z
sansChrono,16,2024-06-28T14:47:12.831Z
chrono,27,2024-06-28T14:47:21.141Z
chrono,16,2024-06-28T14:49:03.281Z
chrono,27,2024-06-28T14:50:12.184Z
sansChrono,145,2024-06-28T14:50:19.867Z
chrono,11,2024-06-28T14:50:30.424Z
sansChrono,0,2024-06-28T14:50:43.340Z
sansChrono,102,2024-06-28T14:50:49.384Z
chrono,36,2024-06-28T14:52:09.266Z
chrono,29,2024-06-28T14:51:37.679Z
sansChrono,0,2024-06-28T14:52:33.883Z
sansChrono,0,2024-06-28T14:52:49.322Z
sansChrono,0,2024-06-28T14:52:56.089Z
sansChrono,0,2024-06-28T14:53:01.652Z
chrono,34,2024-06-28T14:53:11.878Z
chrono,35,2024-06-28T14:53:44.309Z
chrono,32,2024-06-28T14:53:54.511Z
chrono,33,2024-06-28T14:54:21.323Z
sansChrono,40,2024-06-28T14:54:57.797Z
chrono,13,2024-06-28T14:55:45.730Z
chrono,31,2024-06-28T14:56:38.205Z
chrono,32,2024-06-28T14:57:47.419Z
sansChrono,140,2024-06-28T14:57:56.834Z
chrono,27,2024-06-28T14:58:50.415Z
chrono,27,2024-06-28T14:59:03.183Z
chrono,31,2024-06-28T14:59:39.045Z
chrono,31,2024-06-28T15:00:10.908Z
sansChrono,0,2024-06-28T15:02:45.174Z
chrono,17,2024-06-28T15:03:01.874Z
chrono,26,2024-06-28T15:03:04.459Z
chrono,18,2024-06-28T15:03:38.365Z
chrono,20,2024-06-28T15:04:08.149Z
chrono,28,2024-06-28T15:04:11.947Z
chrono,32,2024-06-28T15:05:47.159Z
sansChrono,0,2024-06-28T15:05:47.974Z
chrono,27,2024-06-28T15:06:23.455Z
sansChrono,0,2024-06-28T15:06:28.786Z
chrono,25,2024-06-28T15:07:07.651Z
sansChrono,0,2024-06-28T15:07:25.660Z
chrono,15,2024-06-28T15:08:13.420Z
sansChrono,0,2024-06-28T15:08:30.162Z
chrono,35,2024-06-28T15:08:40.338Z
sansChrono,0,2024-06-28T15:09:33.786Z
sansChrono,0,2024-06-28T15:09:51.000Z
chrono,17,2024-06-28T15:10:13.987Z
sansChrono,229,2024-06-28T15:10:26.512Z
sansChrono,0,2024-06-28T15:10:36.239Z
chrono,25,2024-06-28T15:11:23.014Z
sansChrono,88,2024-06-28T15:11:23.415Z
sansChrono,0,2024-06-28T15:11:32.770Z
chrono,33,2024-06-28T15:11:34.296Z
chrono,18,2024-06-28T15:11:36.816Z
chrono,20,2024-06-28T15:11:42.042Z
sansChrono,21,2024-06-28T15:12:09.170Z
sansChrono,14,2024-06-28T15:14:55.647Z
chrono,18,2024-06-28T15:15:49.116Z
sansChrono,30,2024-06-28T15:15:54.261Z
chrono,25,2024-06-28T15:17:16.454Z
sansChrono,0,2024-06-28T15:17:03.314Z
sansChrono,120,2024-06-28T15:17:13.463Z
chrono,16,2024-06-28T15:11:08.934Z
sansChrono,0,2024-06-28T15:18:05.510Z
sansChrono,0,2024-06-28T15:19:10.491Z
sansChrono,163,2024-06-28T15:19:36.568Z
sansChrono,0,2024-06-28T15:19:47.481Z
sansChrono,1,2024-06-28T15:20:41.418Z
sansChrono,0,2024-06-28T15:20:46.414Z
sansChrono,0,2024-06-28T15:20:57.861Z
sansChrono,0,2024-06-28T15:21:10.920Z
sansChrono,0,2024-06-28T15:21:17.374Z
sansChrono,0,2024-06-28T15:21:19.693Z
chrono,38,2024-06-28T15:21:53.600Z
chrono,30,2024-06-28T15:22:32.417Z
chrono,31,2024-06-28T15:23:29.952Z
chrono,39,2024-06-28T15:24:05.052Z
sansChrono,0,2024-06-28T15:24:19.011Z
chrono,23,2024-06-28T15:25:12.396Z
chrono,46,2024-06-28T15:26:52.347Z
sansChrono,0,2024-06-28T15:27:00.905Z
chrono,13,2024-06-28T15:27:07.668Z
sansChrono,0,2024-06-28T15:27:57.800Z
chrono,20,2024-06-28T15:29:50.543Z
sansChrono,61,2024-06-28T15:30:05.276Z
sansChrono,0,2024-06-28T15:31:41.490Z
chrono,18,2024-06-28T15:33:01.583Z
chrono,32,2024-06-28T15:34:08.237Z
chrono,20,2024-06-28T15:34:32.322Z
sansChrono,0,2024-06-28T15:34:51.826Z
chrono,39,2024-06-28T15:35:43.360Z
chrono,22,2024-06-28T15:37:28.014Z
chrono,17,2024-06-28T15:37:42.941Z
chrono,17,2024-06-28T15:38:13.944Z
sansChrono,48,2024-06-28T15:39:18.021Z
sansChrono,0,2024-06-28T15:39:30.401Z
sansChrono,218,2024-06-28T15:39:39.985Z
chrono,32,2024-06-28T15:40:05.260Z
chrono,26,2024-06-28T15:41:34.049Z
chrono,21,2024-06-28T15:41:49.430Z
sansChrono,17,2024-06-28T15:42:04.637Z
sansChrono,100,2024-06-28T15:42:25.382Z
sansChrono,0,2024-06-28T15:42:23.642Z
sansChrono,52,2024-06-28T15:42:30.727Z
sansChrono,0,2024-06-28T15:43:27.367Z
chrono,15,2024-06-28T15:44:22.913Z
chrono,23,2024-06-28T15:44:56.844Z
chrono,16,2024-06-28T15:45:26.410Z
chrono,17,2024-06-28T15:45:51.583Z
sansChrono,0,2024-06-28T15:46:26.133Z
sansChrono,31,2024-06-28T15:46:36.620Z
chrono,24,2024-06-28T15:47:42.796Z
sansChrono,1,2024-06-28T15:48:06.334Z
sansChrono,0,2024-06-28T15:49:28.266Z
sansChrono,70,2024-06-28T15:49:30.823Z
sansChrono,82,2024-06-28T15:49:33.914Z
chrono,23,2024-06-28T15:49:19.801Z
chrono,0,2024-06-28T15:49:55.518Z
sansChrono,65,2024-06-28T15:50:46.443Z
sansChrono,0,2024-06-28T15:52:27.714Z
chrono,19,2024-06-28T15:52:29.821Z
sansChrono,40,2024-06-28T15:52:36.615Z
sansChrono,1,2024-06-28T15:52:57.982Z
chrono,17,2024-06-28T15:53:19.732Z
sansChrono,144,2024-06-28T15:53:36.352Z
sansChrono,0,2024-06-28T15:53:56.805Z
sansChrono,0,2024-06-28T15:54:52.501Z
sansChrono,72,2024-06-28T15:55:15.134Z
sansChrono,0,2024-06-28T15:56:43.276Z
sansChrono,0,2024-06-28T15:57:05.786Z
sansChrono,10,2024-06-28T15:57:24.357Z
sansChrono,3,2024-06-28T15:58:41.615Z
sansChrono,107,2024-06-28T15:59:04.137Z
sansChrono,0,2024-06-28T15:59:09.077Z
sansChrono,16,2024-06-28T15:59:31.341Z
sansChrono,0,2024-06-28T15:59:57.029Z
sansChrono,0,2024-06-28T16:00:25.793Z
sansChrono,0,2024-06-28T16:00:35.513Z
chrono,21,2024-06-28T16:01:07.139Z
chrono,29,2024-06-28T16:01:22.558Z
sansChrono,0,2024-06-28T16:03:03.199Z
chrono,28,2024-06-28T16:03:07.574Z
sansChrono,0,2024-06-28T16:03:16.413Z
sansChrono,0,2024-06-28T16:03:15.464Z
sansChrono,36,2024-06-28T16:04:33.438Z
chrono,37,2024-06-28T16:05:26.542Z
sansChrono,9,2024-06-28T16:05:29.171Z
sansChrono,88,2024-06-28T16:04:56.591Z
sansChrono,59,2024-06-28T16:05:49.480Z
sansChrono,2,2024-06-28T16:06:54.504Z
chrono,0,2024-06-28T16:09:22.941Z
sansChrono,91,2024-06-28T16:09:26.020Z
sansChrono,209,2024-06-28T16:09:28.447Z
sansChrono,110,2024-06-28T16:10:51.370Z
chrono,26,2024-06-28T16:10:57.958Z
sansChrono,0,2024-06-28T16:13:12.094Z
chrono,32,2024-06-28T16:14:24.583Z
sansChrono,33,2024-06-28T16:14:27.767Z
sansChrono,62,2024-06-28T16:16:20.720Z
sansChrono,224,2024-06-28T16:17:35.462Z
chrono,16,2024-06-28T16:17:56.936Z
chrono,27,2024-06-28T16:18:34.967Z
sansChrono,0,2024-06-28T16:20:09.456Z
chrono,18,2024-06-28T16:21:09.609Z
sansChrono,102,2024-06-28T16:21:45.830Z
sansChrono,18,2024-06-28T16:23:20.818Z
chrono,21,2024-06-28T16:23:35.938Z
sansChrono,0,2024-06-28T16:24:40.310Z
sansChrono,0,2024-06-28T16:25:29.403Z
sansChrono,192,2024-06-28T16:25:44.895Z
sansChrono,105,2024-06-28T16:26:07.738Z
sansChrono,42,2024-06-28T16:27:56.446Z
sansChrono,10,2024-06-28T16:28:08.832Z
sansChrono,54,2024-06-28T16:29:34.717Z
chrono,19,2024-06-28T16:30:11.673Z
chrono,21,2024-06-28T16:32:59.244Z
chrono,35,2024-06-28T16:33:05.635Z
chrono,16,2024-06-28T16:33:16.789Z
sansChrono,128,2024-06-28T16:34:56.136Z
sansChrono,93,2024-06-28T16:35:27.724Z
chrono,44,2024-06-28T16:35:46.847Z
chrono,23,2024-06-28T16:36:00.937Z
chrono,38,2024-06-28T16:36:16.158Z
sansChrono,0,2024-06-28T16:36:29.168Z
sansChrono,5,2024-06-28T16:36:40.709Z
chrono,23,2024-06-28T16:38:15.719Z
sansChrono,37,2024-06-28T16:38:28.213Z
chrono,41,2024-06-28T16:38:59.042Z
sansChrono,1,2024-06-28T16:39:39.162Z
chrono,25,2024-06-28T16:39:55.472Z
sansChrono,0,2024-06-28T16:42:02.815Z
sansChrono,271,2024-06-28T16:42:27.608Z
sansChrono,162,2024-06-28T16:45:26.527Z
chrono,32,2024-06-28T16:45:38.859Z
sansChrono,0,2024-06-28T16:46:29.382Z
sansChrono,108,2024-06-28T16:46:48.391Z
sansChrono,0,2024-06-28T16:47:20.936Z
sansChrono,0,2024-06-28T16:47:34.556Z
sansChrono,0,2024-06-28T16:48:31.628Z
chrono,12,2024-06-28T16:48:43.047Z
chrono,34,2024-06-28T16:48:52.055Z
chrono,17,2024-06-28T16:49:06.567Z
sansChrono,0,2024-06-28T16:48:29.009Z
chrono,30,2024-06-28T16:49:37.969Z
sansChrono,62,2024-06-28T16:49:41.723Z
chrono,13,2024-06-28T16:49:54.748Z
chrono,17,2024-06-28T16:50:15.180Z
sansChrono,0,2024-06-28T16:51:51.165Z
sansChrono,297,2024-06-28T16:52:25.420Z
sansChrono,0,2024-06-28T16:52:32.457Z
sansChrono,4,2024-06-28T16:53:02.128Z
sansChrono,67,2024-06-28T16:53:24.108Z
chrono,41,2024-06-28T16:54:35.546Z
sansChrono,0,2024-06-28T16:54:51.171Z
chrono,15,2024-06-28T16:55:03.445Z
chrono,32,2024-06-28T16:55:09.256Z
sansChrono,35,2024-06-28T16:55:44.794Z
sansChrono,83,2024-06-28T16:56:34.847Z
sansChrono,70,2024-06-28T16:58:31.748Z
sansChrono,143,2024-06-28T16:57:21.865Z
chrono,48,2024-06-28T16:57:34.622Z
sansChrono,0,2024-06-28T16:57:40.389Z
chrono,18,2024-06-28T16:58:03.267Z
sansChrono,43,2024-06-28T16:58:31.265Z
chrono,20,2024-06-28T16:58:42.307Z
sansChrono,112,2024-06-28T16:58:49.075Z
sansChrono,112,2024-06-28T16:58:54.378Z
sansChrono,107,2024-06-28T16:58:57.679Z
chrono,23,2024-06-28T16:59:21.396Z
sansChrono,0,2024-06-28T16:59:39.893Z
chrono,17,2024-06-28T17:00:36.074Z
chrono,19,2024-06-28T17:00:54.692Z
chrono,16,2024-06-28T17:01:14.279Z
sansChrono,0,2024-06-28T17:01:25.036Z
sansChrono,122,2024-06-28T17:01:42.863Z
chrono,28,2024-06-28T17:02:05.962Z
chrono,18,2024-06-28T17:02:29.247Z
chrono,22,2024-06-28T17:02:45.448Z
sansChrono,0,2024-06-28T17:03:04.799Z
chrono,19,2024-06-28T17:04:00.510Z
chrono,21,2024-06-28T17:04:10.200Z
chrono,20,2024-06-28T17:05:10.796Z
sansChrono,0,2024-06-28T17:05:24.416Z
chrono,29,2024-06-28T17:05:45.889Z
sansChrono,120,2024-06-28T17:06:28.495Z
sansChrono,16,2024-06-28T17:06:33.682Z
sansChrono,0,2024-06-28T17:06:53.729Z
sansChrono,4,2024-06-28T17:06:58.472Z
chrono,22,2024-06-28T17:10:00.399Z
chrono,21,2024-06-28T17:10:14.231Z
sansChrono,34,2024-06-28T17:11:09.426Z
chrono,20,2024-06-28T17:13:22.958Z
chrono,12,2024-06-28T17:13:43.462Z
chrono,13,2024-06-28T17:13:55.544Z
sansChrono,87,2024-06-28T17:14:30.130Z
chrono,29,2024-06-28T17:15:19.957Z
sansChrono,0,2024-06-28T17:16:16.799Z
chrono,12,2024-06-28T17:16:19.306Z
sansChrono,80,2024-06-28T17:16:28.992Z
chrono,19,2024-06-28T17:16:37.654Z
chrono,20,2024-06-28T17:16:43.860Z
sansChrono,1,2024-06-28T17:16:47.800Z
sansChrono,69,2024-06-28T17:16:57.271Z
sansChrono,0,2024-06-28T17:17:37.758Z
chrono,17,2024-06-28T17:18:30.020Z
sansChrono,48,2024-06-28T17:18:55.206Z
sansChrono,107,2024-06-28T17:18:56.973Z
chrono,24,2024-06-28T17:19:28.937Z
chrono,23,2024-06-28T17:19:49.567Z
sansChrono,0,2024-06-28T17:20:42.552Z
sansChrono,0,2024-06-28T17:21:58.811Z
sansChrono,0,2024-06-28T17:23:35.125Z
chrono,28,2024-06-28T17:24:07.381Z
sansChrono,60,2024-06-28T17:24:10.136Z
sansChrono,162,2024-06-28T17:24:22.523Z
chrono,16,2024-06-28T17:25:21.351Z
chrono,30,2024-06-28T17:27:17.112Z
chrono,14,2024-06-28T17:28:08.340Z
sansChrono,43,2024-06-28T17:28:54.994Z
chrono,8,2024-06-28T17:29:01.941Z
sansChrono,18,2024-06-28T17:29:49.536Z
sansChrono,1,2024-06-28T17:30:25.249Z
chrono,29,2024-06-28T17:32:06.364Z
chrono,28,2024-06-28T17:32:26.331Z
chrono,23,2024-06-28T17:32:52.198Z
chrono,17,2024-06-28T17:32:56.878Z
chrono,41,2024-06-28T17:33:40.146Z
sansChrono,90,2024-06-28T17:32:40.280Z
sansChrono,0,2024-06-28T17:33:48.595Z
chrono,43,2024-06-28T17:34:00.536Z
chrono,19,2024-06-28T17:34:14.374Z
sansChrono,74,2024-06-28T17:34:23.717Z
chrono,27,2024-06-28T17:35:18.537Z
sansChrono,0,2024-06-28T17:35:32.880Z
chrono,31,2024-06-28T17:35:45.880Z
chrono,15,2024-06-28T17:35:56.312Z
sansChrono,91,2024-06-28T17:36:09.765Z
chrono,17,2024-06-28T17:36:30.191Z
chrono,35,2024-06-28T17:36:57.637Z
chrono,22,2024-06-28T17:38:06.742Z
sansChrono,126,2024-06-28T17:39:02.702Z
chrono,24,2024-06-28T17:39:13.302Z
chrono,41,2024-06-28T17:39:21.951Z
chrono,24,2024-06-28T17:39:24.203Z
chrono,30,2024-06-28T17:40:04.385Z
sansChrono,137,2024-06-28T17:40:44.140Z
chrono,16,2024-06-28T17:42:07.035Z
chrono,34,2024-06-28T17:43:09.290Z
chrono,43,2024-06-28T17:43:53.809Z
chrono,25,2024-06-28T17:44:06.759Z
chrono,25,2024-06-28T17:45:00.918Z
sansChrono,6,2024-06-28T17:45:17.042Z
chrono,28,2024-06-28T17:45:28.496Z
sansChrono,31,2024-06-28T17:45:58.726Z
chrono,44,2024-06-28T17:46:37.658Z
sansChrono,54,2024-06-28T17:46:50.590Z
chrono,30,2024-06-28T17:47:40.089Z
sansChrono,0,2024-06-28T17:47:45.067Z
sansChrono,117,2024-06-28T17:48:05.399Z
chrono,22,2024-06-28T17:48:20.646Z
sansChrono,0,2024-06-28T17:48:46.318Z
chrono,42,2024-06-28T17:49:18.983Z
sansChrono,26,2024-06-28T17:49:26.090Z
sansChrono,0,2024-06-28T17:49:46.161Z
sansChrono,227,2024-06-28T17:50:38.073Z
sansChrono,106,2024-06-28T17:52:33.061Z
sansChrono,0,2024-06-28T17:53:05.079Z
chrono,17,2024-06-28T17:53:24.443Z
chrono,31,2024-06-28T17:54:32.157Z
chrono,22,2024-06-28T17:55:43.973Z
chrono,21,2024-06-28T17:56:52.170Z
sansChrono,206,2024-06-28T17:58:13.121Z
chrono,22,2024-06-28T17:58:21.439Z
chrono,24,2024-06-28T17:58:46.137Z
sansChrono,0,2024-06-28T17:59:42.595Z
sansChrono,2,2024-06-28T18:00:00.705Z
sansChrono,90,2024-06-28T18:00:13.143Z
sansChrono,206,2024-06-28T18:00:26.551Z
chrono,35,2024-06-28T18:00:21.645Z
chrono,21,2024-06-28T18:00:55.089Z
chrono,37,2024-06-28T18:00:56.681Z
sansChrono,75,2024-06-28T18:04:02.446Z
chrono,11,2024-06-28T18:04:19.455Z
sansChrono,66,2024-06-28T18:05:45.986Z
sansChrono,86,2024-06-28T18:06:01.825Z
chrono,23,2024-06-28T18:06:25.705Z
chrono,29,2024-06-28T18:07:37.679Z
chrono,26,2024-06-28T18:08:35.982Z
sansChrono,83,2024-06-28T18:08:39.369Z
sansChrono,19,2024-06-28T18:08:59.402Z
chrono,27,2024-06-28T18:09:06.048Z
sansChrono,95,2024-06-28T18:09:12.910Z
sansChrono,0,2024-06-28T18:09:43.727Z
sansChrono,59,2024-06-28T18:10:04.607Z
sansChrono,0,2024-06-28T18:10:25.006Z
chrono,34,2024-06-28T18:10:30.768Z
sansChrono,0,2024-06-28T18:10:32.438Z
chrono,35,2024-06-28T18:11:19.335Z
sansChrono,0,2024-06-28T18:12:27.463Z
chrono,16,2024-06-28T18:12:55.891Z
sansChrono,0,2024-06-28T18:13:20.230Z
chrono,40,2024-06-28T18:13:30.105Z
chrono,26,2024-06-28T18:14:22.950Z
sansChrono,69,2024-06-28T18:14:29.257Z
chrono,21,2024-06-28T18:15:29.227Z
chrono,17,2024-06-28T18:15:32.358Z
sansChrono,0,2024-06-28T18:15:44.089Z
sansChrono,58,2024-06-28T18:16:31.030Z
sansChrono,85,2024-06-28T18:17:24.376Z
sansChrono,146,2024-06-28T18:17:27.859Z
chrono,7,2024-06-28T18:17:51.328Z
chrono,17,2024-06-28T18:18:24.394Z
chrono,37,2024-06-28T18:18:34.770Z
chrono,26,2024-06-28T18:18:46.975Z
chrono,22,2024-06-28T18:19:30.723Z
chrono,33,2024-06-28T18:19:33.480Z
sansChrono,0,2024-06-28T18:19:39.112Z
chrono,27,2024-06-28T18:19:58.154Z
sansChrono,64,2024-06-28T18:22:06.752Z
chrono,32,2024-06-28T18:22:38.744Z
chrono,18,2024-06-28T18:23:04.086Z
sansChrono,119,2024-06-28T18:23:28.244Z
sansChrono,0,2024-06-28T18:23:43.793Z
chrono,43,2024-06-28T18:24:31.330Z
chrono,24,2024-06-28T18:24:53.414Z
chrono,22,2024-06-28T18:25:11.358Z
sansChrono,0,2024-06-28T18:26:10.572Z
chrono,56,2024-06-28T18:27:40.424Z
chrono,22,2024-06-28T18:27:45.314Z
chrono,29,2024-06-28T18:27:55.885Z
sansChrono,89,2024-06-28T18:28:53.899Z
chrono,41,2024-06-28T18:29:05.076Z
sansChrono,29,2024-06-28T18:29:35.229Z
sansChrono,2,2024-06-28T18:30:30.565Z
sansChrono,4,2024-06-28T18:30:34.043Z
sansChrono,0,2024-06-28T18:30:40.667Z
chrono,39,2024-06-28T18:32:01.796Z
chrono,14,2024-06-28T18:32:13.280Z
sansChrono,0,2024-06-28T18:33:56.247Z
sansChrono,65,2024-06-28T18:34:27.568Z
chrono,21,2024-06-28T18:34:57.885Z
chrono,48,2024-06-28T18:35:41.184Z
sansChrono,254,2024-06-28T18:36:06.063Z
sansChrono,59,2024-06-28T18:37:51.318Z
sansChrono,0,2024-06-28T18:38:20.147Z
chrono,17,2024-06-28T18:38:31.275Z
chrono,14,2024-06-28T18:39:11.088Z
chrono,23,2024-06-28T18:39:24.073Z
sansChrono,152,2024-06-28T18:40:26.399Z
sansChrono,34,2024-06-28T18:41:21.523Z
sansChrono,100,2024-06-28T18:41:32.066Z
chrono,38,2024-06-28T18:41:43.537Z
sansChrono,154,2024-06-28T18:44:16.719Z
sansChrono,0,2024-06-28T18:44:52.934Z
chrono,34,2024-06-28T18:45:00.412Z
chrono,12,2024-06-28T18:45:05.628Z
sansChrono,94,2024-06-28T18:45:39.834Z
sansChrono,0,2024-06-28T18:46:07.934Z
sansChrono,115,2024-06-28T18:46:43.149Z
sansChrono,230,2024-06-28T18:47:57.724Z
sansChrono,0,2024-06-28T18:48:40.985Z
sansChrono,22,2024-06-28T18:50:07.381Z
sansChrono,6,2024-06-28T18:52:11.185Z
sansChrono,0,2024-06-28T18:52:56.676Z
sansChrono,97,2024-06-28T18:53:20.452Z
sansChrono,97,2024-06-28T18:53:24.089Z
sansChrono,0,2024-06-28T18:53:53.487Z
sansChrono,8,2024-06-28T18:55:07.675Z
sansChrono,234,2024-06-28T18:55:28.544Z
chrono,17,2024-06-28T18:56:05.011Z
sansChrono,0,2024-06-28T18:57:08.273Z
sansChrono,0,2024-06-28T18:58:10.251Z
sansChrono,94,2024-06-28T18:58:19.036Z
chrono,23,2024-06-28T18:58:22.750Z
sansChrono,2,2024-06-28T18:58:24.605Z
sansChrono,0,2024-06-28T18:58:51.134Z
chrono,23,2024-06-28T18:58:58.123Z
sansChrono,64,2024-06-28T18:59:20.055Z
chrono,20,2024-06-28T18:59:35.727Z
sansChrono,0,2024-06-28T18:59:36.888Z
sansChrono,0,2024-06-28T18:59:50.761Z
chrono,38,2024-06-28T19:00:05.709Z
sansChrono,3,2024-06-28T19:00:34.607Z
sansChrono,154,2024-06-28T19:01:12.728Z
sansChrono,154,2024-06-28T19:01:14.849Z
sansChrono,12,2024-06-28T19:02:11.819Z
sansChrono,0,2024-06-28T19:02:37.305Z
chrono,37,2024-06-28T19:03:22.235Z
chrono,34,2024-06-28T19:03:47.071Z
chrono,24,2024-06-28T19:03:58.208Z
sansChrono,21,2024-06-28T19:04:02.022Z
chrono,43,2024-06-28T19:06:19.060Z
sansChrono,0,2024-06-28T19:06:46.118Z
sansChrono,28,2024-06-28T19:07:39.963Z
chrono,22,2024-06-28T19:07:45.054Z
chrono,23,2024-06-28T19:08:07.228Z
sansChrono,0,2024-06-28T19:08:55.734Z
sansChrono,120,2024-06-28T19:09:27.527Z
sansChrono,41,2024-06-28T19:09:36.622Z
chrono,43,2024-06-28T19:09:45.768Z
chrono,21,2024-06-28T19:09:50.047Z
sansChrono,0,2024-06-28T19:10:51.928Z
sansChrono,0,2024-06-28T19:11:41.882Z
chrono,13,2024-06-28T19:11:54.354Z
chrono,28,2024-06-28T19:12:23.035Z
sansChrono,94,2024-06-28T19:12:42.974Z
sansChrono,100,2024-06-28T19:12:53.472Z
chrono,22,2024-06-28T19:13:12.372Z
chrono,29,2024-06-28T19:13:47.042Z
sansChrono,1,2024-06-28T19:13:55.804Z
chrono,28,2024-06-28T19:14:36.587Z
sansChrono,0,2024-06-28T19:15:06.528Z
sansChrono,0,2024-06-28T19:15:20.394Z
sansChrono,81,2024-06-28T19:16:14.484Z
sansChrono,17,2024-06-28T19:16:59.777Z
sansChrono,0,2024-06-28T19:17:48.807Z
sansChrono,0,2024-06-28T19:18:55.570Z
chrono,24,2024-06-28T19:18:59.953Z
sansChrono,0,2024-06-28T19:19:33.352Z
sansChrono,120,2024-06-28T19:19:38.955Z
chrono,20,2024-06-28T19:21:10.698Z
sansChrono,186,2024-06-28T19:21:24.483Z
sansChrono,186,2024-06-28T19:21:28.611Z
sansChrono,0,2024-06-28T19:22:01.038Z
sansChrono,0,2024-06-28T19:22:04.370Z
chrono,20,2024-06-28T19:22:55.012Z
sansChrono,0,2024-06-28T19:23:33.605Z
sansChrono,0,2024-06-28T19:24:32.338Z
chrono,17,2024-06-28T19:24:49.428Z
chrono,39,2024-06-28T19:24:51.439Z
sansChrono,0,2024-06-28T19:24:53.004Z
chrono,23,2024-06-28T19:25:11.130Z
sansChrono,36,2024-06-28T19:25:51.170Z
chrono,8,2024-06-28T19:26:14.227Z
sansChrono,100,2024-06-28T19:26:25.919Z
sansChrono,0,2024-06-28T19:27:01.631Z
sansChrono,72,2024-06-28T19:27:35.692Z
chrono,25,2024-06-28T19:27:53.959Z
chrono,27,2024-06-28T19:28:11.564Z
sansChrono,0,2024-06-28T19:28:23.875Z
chrono,18,2024-06-28T19:28:59.825Z
chrono,47,2024-06-28T19:29:15.524Z
chrono,17,2024-06-28T19:30:18.796Z
sansChrono,104,2024-06-28T19:30:24.463Z
sansChrono,100,2024-06-28T19:30:37.758Z
sansChrono,0,2024-06-28T19:30:54.468Z
chrono,28,2024-06-28T19:31:05.120Z
chrono,29,2024-06-28T19:31:40.518Z
sansChrono,186,2024-06-28T19:32:07.493Z
chrono,50,2024-06-28T19:32:20.109Z
sansChrono,53,2024-06-28T19:32:31.800Z
sansChrono,180,2024-06-28T19:33:19.298Z
sansChrono,18,2024-06-28T19:33:53.220Z
chrono,32,2024-06-28T19:34:52.092Z
chrono,34,2024-06-28T19:35:22.965Z
sansChrono,16,2024-06-28T19:36:08.662Z
chrono,17,2024-06-28T19:36:45.507Z
sansChrono,0,2024-06-28T19:37:22.703Z
sansChrono,0,2024-06-28T19:38:01.870Z
chrono,31,2024-06-28T19:38:07.528Z
chrono,25,2024-06-28T19:39:27.808Z
sansChrono,138,2024-06-28T19:40:43.924Z
sansChrono,0,2024-06-28T19:40:50.809Z
sansChrono,0,2024-06-28T19:40:59.022Z
chrono,33,2024-06-28T19:41:13.487Z
chrono,24,2024-06-28T19:41:43.384Z
sansChrono,0,2024-06-28T19:41:50.941Z
chrono,27,2024-06-28T19:42:45.782Z
sansChrono,0,2024-06-28T19:43:27.122Z
chrono,9,2024-06-28T19:43:29.896Z
sansChrono,0,2024-06-28T19:44:05.935Z
sansChrono,0,2024-06-28T19:44:57.099Z
chrono,40,2024-06-28T19:45:01.870Z
sansChrono,59,2024-06-28T19:45:08.831Z
sansChrono,0,2024-06-28T19:45:42.087Z
sansChrono,0,2024-06-28T19:45:55.469Z
sansChrono,0,2024-06-28T19:46:18.058Z
chrono,24,2024-06-28T19:46:43.475Z
chrono,27,2024-06-28T19:47:49.444Z
chrono,25,2024-06-28T19:48:22.268Z
sansChrono,200,2024-06-28T19:48:25.730Z
chrono,23,2024-06-28T19:49:30.493Z
sansChrono,80,2024-06-28T19:49:47.844Z
sansChrono,0,2024-06-28T19:49:53.573Z
chrono,25,2024-06-28T19:50:24.575Z
chrono,15,2024-06-28T19:50:27.176Z
chrono,28,2024-06-28T19:50:30.451Z
chrono,13,2024-06-28T19:52:07.302Z
chrono,30,2024-06-28T19:52:25.644Z
chrono,24,2024-06-28T19:53:49.126Z
chrono,12,2024-06-28T19:55:12.197Z
sansChrono,0,2024-06-28T19:56:27.543Z
sansChrono,29,2024-06-28T19:57:40.562Z
chrono,19,2024-06-28T19:57:56.452Z
sansChrono,0,2024-06-28T19:58:10.477Z
chrono,18,2024-06-28T19:58:16.700Z
chrono,34,2024-06-28T19:58:29.140Z
chrono,50,2024-06-28T19:58:40.108Z
sansChrono,34,2024-06-28T19:59:11.559Z
chrono,33,2024-06-28T19:59:14.014Z
sansChrono,0,2024-06-28T19:59:45.426Z
sansChrono,0,2024-06-28T19:59:56.991Z
sansChrono,0,2024-06-28T20:00:16.384Z
sansChrono,58,2024-06-28T20:00:26.966Z
chrono,26,2024-06-28T20:00:32.313Z
sansChrono,55,2024-06-28T20:01:49.875Z
sansChrono,0,2024-06-28T20:02:49.919Z
chrono,24,2024-06-28T20:03:56.091Z
chrono,20,2024-06-28T20:04:45.265Z
sansChrono,150,2024-06-28T20:05:40.541Z
sansChrono,0,2024-06-28T20:05:43.856Z
sansChrono,51,2024-06-28T20:05:58.786Z
sansChrono,101,2024-06-28T20:06:21.097Z
chrono,27,2024-06-28T20:06:46.714Z
sansChrono,0,2024-06-28T20:07:25.313Z
chrono,14,2024-06-28T20:07:29.254Z
sansChrono,2,2024-06-28T20:07:45.570Z
sansChrono,0,2024-06-28T20:08:26.035Z
sansChrono,0,2024-06-28T20:08:27.290Z
sansChrono,214,2024-06-28T20:08:31.706Z
chrono,11,2024-06-28T20:09:26.106Z
sansChrono,103,2024-06-28T20:09:32.445Z
chrono,41,2024-06-28T20:10:01.037Z
sansChrono,0,2024-06-28T20:10:18.721Z
sansChrono,0,2024-06-28T20:10:21.606Z
chrono,40,2024-06-28T20:10:23.155Z
chrono,36,2024-06-28T20:10:24.622Z
chrono,24,2024-06-28T20:10:25.295Z
sansChrono,0,2024-06-28T20:10:35.207Z
sansChrono,0,2024-06-28T20:10:51.961Z
chrono,24,2024-06-28T20:11:05.457Z
sansChrono,0,2024-06-28T20:11:11.932Z
chrono,41,2024-06-28T20:11:53.125Z
sansChrono,95,2024-06-28T20:12:01.499Z
chrono,21,2024-06-28T20:12:09.065Z
chrono,35,2024-06-28T20:12:17.444Z
chrono,31,2024-06-28T20:12:45.365Z
sansChrono,2,2024-06-28T20:13:37.062Z
chrono,31,2024-06-28T20:14:20.929Z
sansChrono,103,2024-06-28T20:14:43.654Z
sansChrono,0,2024-06-28T20:14:55.509Z
sansChrono,32,2024-06-28T20:15:10.798Z
chrono,27,2024-06-28T20:15:30.821Z
chrono,35,2024-06-28T20:16:08.507Z
sansChrono,9,2024-06-28T20:16:32.497Z
sansChrono,148,2024-06-28T20:16:36.468Z
chrono,21,2024-06-28T20:16:58.604Z
sansChrono,0,2024-06-28T20:17:45.238Z
chrono,17,2024-06-28T20:17:58.732Z
chrono,23,2024-06-28T20:18:00.820Z
chrono,26,2024-06-28T20:19:08.354Z
chrono,29,2024-06-28T20:19:27.997Z
chrono,36,2024-06-28T20:19:42.811Z
sansChrono,2,2024-06-28T20:20:52.993Z
chrono,12,2024-06-28T20:20:58.302Z
chrono,28,2024-06-28T20:21:04.964Z
chrono,26,2024-06-28T20:21:13.223Z
sansChrono,23,2024-06-28T20:21:27.680Z
chrono,19,2024-06-28T20:21:43.435Z
chrono,34,2024-06-28T20:21:59.892Z
sansChrono,0,2024-06-28T20:22:07.014Z
chrono,25,2024-06-28T20:23:16.512Z
chrono,22,2024-06-28T20:23:46.398Z
sansChrono,0,2024-06-28T20:23:51.897Z
chrono,44,2024-06-28T20:23:58.062Z
sansChrono,12,2024-06-28T20:24:09.482Z
sansChrono,52,2024-06-28T20:24:46.157Z
sansChrono,0,2024-06-28T20:24:48.053Z
sansChrono,0,2024-06-28T20:24:48.706Z
sansChrono,0,2024-06-28T20:24:50.628Z
sansChrono,0,2024-06-28T20:24:53.529Z
chrono,32,2024-06-28T20:24:58.469Z
chrono,32,2024-06-28T20:25:05.807Z
sansChrono,107,2024-06-28T20:25:22.812Z
sansChrono,251,2024-06-28T20:25:28.724Z
sansChrono,0,2024-06-28T20:25:54.407Z
sansChrono,53,2024-06-28T20:26:11.878Z
chrono,21,2024-06-28T20:26:16.860Z
chrono,17,2024-06-28T20:26:18.932Z
chrono,35,2024-06-28T20:27:02.106Z
sansChrono,152,2024-06-28T20:28:19.292Z
chrono,30,2024-06-28T20:29:46.452Z
chrono,27,2024-06-28T20:29:56.357Z
chrono,21,2024-06-28T20:30:07.612Z
chrono,22,2024-06-28T20:30:20.327Z
sansChrono,0,2024-06-28T20:31:51.454Z
chrono,44,2024-06-28T20:32:59.239Z
chrono,39,2024-06-28T20:33:28.558Z
chrono,26,2024-06-28T20:34:35.066Z
chrono,37,2024-06-28T20:35:35.234Z
sansChrono,0,2024-06-28T20:35:44.817Z
chrono,21,2024-06-28T20:36:23.056Z
chrono,22,2024-06-28T20:36:47.602Z
sansChrono,164,2024-06-28T20:36:55.494Z
chrono,29,2024-06-28T20:37:19.363Z
sansChrono,0,2024-06-28T20:37:41.297Z
sansChrono,108,2024-06-28T20:37:53.539Z
sansChrono,0,2024-06-28T20:38:19.616Z
sansChrono,19,2024-06-28T20:38:53.584Z
sansChrono,3,2024-06-28T20:39:18.776Z
chrono,28,2024-06-28T20:39:31.319Z
sansChrono,118,2024-06-28T20:39:38.015Z
chrono,20,2024-06-28T20:40:08.686Z
chrono,22,2024-06-28T20:40:21.397Z
chrono,27,2024-06-28T20:40:25.425Z
chrono,18,2024-06-28T20:40:37.069Z
chrono,33,2024-06-28T20:40:46.763Z
chrono,28,2024-06-28T20:40:57.614Z
sansChrono,87,2024-06-28T20:41:10.698Z
sansChrono,2,2024-06-28T20:41:58.814Z
chrono,25,2024-06-28T20:42:15.746Z
sansChrono,2,2024-06-28T20:42:37.789Z
chrono,28,2024-06-28T20:42:53.073Z
chrono,28,2024-06-28T20:43:20.700Z
sansChrono,160,2024-06-28T20:43:37.275Z
sansChrono,13,2024-06-28T20:43:48.404Z
chrono,25,2024-06-28T20:44:18.286Z
chrono,48,2024-06-28T20:44:27.163Z
sansChrono,107,2024-06-28T20:45:26.430Z
chrono,32,2024-06-28T20:46:12.837Z
sansChrono,0,2024-06-28T20:46:48.487Z
chrono,11,2024-06-28T20:47:22.913Z
sansChrono,49,2024-06-28T20:48:04.651Z
sansChrono,81,2024-06-28T20:49:10.212Z
sansChrono,0,2024-06-28T20:49:40.926Z
sansChrono,0,2024-06-28T20:49:52.329Z
chrono,4,2024-06-28T20:50:09.876Z
sansChrono,0,2024-06-28T20:50:17.012Z
sansChrono,0,2024-06-28T20:50:23.984Z
sansChrono,0,2024-06-28T20:50:26.176Z
chrono,23,2024-06-28T20:50:30.015Z
sansChrono,0,2024-06-28T20:50:37.100Z
sansChrono,29,2024-06-28T20:52:10.818Z
chrono,20,2024-06-28T20:52:14.990Z
sansChrono,0,2024-06-28T20:52:16.540Z
sansChrono,94,2024-06-28T20:52:58.363Z
chrono,48,2024-06-28T20:53:13.112Z
chrono,29,2024-06-28T20:53:47.862Z
chrono,29,2024-06-28T20:55:21.281Z
sansChrono,0,2024-06-28T20:55:38.933Z
sansChrono,284,2024-06-28T20:56:03.590Z
chrono,19,2024-06-28T20:56:20.300Z
sansChrono,0,2024-06-28T20:56:44.721Z
sansChrono,136,2024-06-28T20:56:49.923Z
chrono,24,2024-06-28T20:57:21.973Z
sansChrono,212,2024-06-28T20:57:25.838Z
chrono,16,2024-06-28T20:57:27.437Z
sansChrono,15,2024-06-28T20:57:40.233Z
sansChrono,0,2024-06-28T20:57:51.813Z
sansChrono,0,2024-06-28T20:58:15.276Z
sansChrono,0,2024-06-28T20:58:38.986Z
sansChrono,0,2024-06-28T20:59:05.629Z
sansChrono,0,2024-06-28T20:59:33.900Z
chrono,29,2024-06-28T20:59:44.950Z
chrono,31,2024-06-28T21:00:05.115Z
sansChrono,101,2024-06-28T21:00:19.773Z
sansChrono,46,2024-06-28T21:00:41.015Z
sansChrono,2,2024-06-28T21:00:47.346Z
chrono,25,2024-06-28T21:01:07.702Z
chrono,44,2024-06-28T21:01:37.342Z
sansChrono,0,2024-06-28T21:01:58.580Z
chrono,31,2024-06-28T21:02:10.355Z
sansChrono,35,2024-06-28T21:02:15.982Z
sansChrono,44,2024-06-28T21:02:48.934Z
sansChrono,56,2024-06-28T21:02:51.937Z
sansChrono,0,2024-06-28T21:03:12.571Z
sansChrono,0,2024-06-28T21:04:24.705Z
chrono,17,2024-06-28T21:05:05.169Z
chrono,29,2024-06-28T21:05:07.846Z
sansChrono,130,2024-06-28T21:06:05.625Z
sansChrono,170,2024-06-28T21:06:15.810Z
sansChrono,50,2024-06-28T21:07:12.334Z
sansChrono,3,2024-06-28T21:07:41.595Z
chrono,32,2024-06-28T21:07:45.499Z
chrono,23,2024-06-28T21:08:43.833Z
chrono,36,2024-06-28T21:09:04.953Z
sansChrono,117,2024-06-28T21:11:44.338Z
sansChrono,0,2024-06-28T21:12:42.380Z
sansChrono,12,2024-06-28T21:13:05.648Z
sansChrono,0,2024-06-28T21:13:19.817Z
sansChrono,63,2024-06-28T21:14:09.786Z
sansChrono,0,2024-06-28T21:14:09.882Z
sansChrono,110,2024-06-28T21:14:15.539Z
chrono,28,2024-06-28T21:14:34.892Z
sansChrono,0,2024-06-28T21:14:37.252Z
sansChrono,48,2024-06-28T21:15:02.726Z
chrono,37,2024-06-28T21:15:15.289Z
chrono,22,2024-06-28T21:15:40.593Z
sansChrono,100,2024-06-28T21:15:55.766Z
sansChrono,53,2024-06-28T21:15:57.226Z
sansChrono,35,2024-06-28T21:16:56.362Z
chrono,18,2024-06-28T21:17:10.910Z
chrono,26,2024-06-28T21:17:16.678Z
chrono,0,2024-06-28T21:17:34.067Z
chrono,19,2024-06-28T21:17:41.728Z
chrono,18,2024-06-28T21:18:06.285Z
chrono,0,2024-06-28T21:20:22.893Z
sansChrono,179,2024-06-28T21:20:23.532Z
chrono,22,2024-06-28T21:20:28.408Z
chrono,35,2024-06-28T21:21:00.104Z
chrono,16,2024-06-28T21:21:05.415Z
sansChrono,202,2024-06-28T21:23:11.070Z
chrono,0,2024-06-28T21:23:14.310Z
sansChrono,0,2024-06-28T21:24:49.764Z
chrono,22,2024-06-28T21:24:54.757Z
sansChrono,0,2024-06-28T21:25:39.108Z
chrono,31,2024-06-28T21:25:59.602Z
sansChrono,0,2024-06-28T21:26:11.583Z
sansChrono,0,2024-06-28T21:26:17.878Z
sansChrono,0,2024-06-28T21:26:19.188Z
sansChrono,165,2024-06-28T21:26:38.521Z
sansChrono,0,2024-06-28T21:27:05.563Z
sansChrono,123,2024-06-28T21:27:39.633Z
sansChrono,138,2024-06-28T21:29:00.001Z
sansChrono,80,2024-06-28T21:29:04.305Z
sansChrono,65,2024-06-28T21:29:23.995Z
sansChrono,0,2024-06-28T21:29:51.276Z
sansChrono,0,2024-06-28T21:29:53.532Z
sansChrono,0,2024-06-28T21:30:03.164Z
sansChrono,0,2024-06-28T21:30:50.819Z
sansChrono,0,2024-06-28T21:30:58.818Z
chrono,21,2024-06-28T21:31:05.350Z
sansChrono,0,2024-06-28T21:31:20.526Z
chrono,35,2024-06-28T21:32:24.060Z
chrono,23,2024-06-28T21:32:54.613Z
chrono,22,2024-06-28T21:33:17.566Z
sansChrono,44,2024-06-28T21:33:26.414Z
sansChrono,220,2024-06-28T21:33:46.777Z
chrono,22,2024-06-28T21:34:14.696Z
sansChrono,0,2024-06-28T21:34:42.547Z
sansChrono,240,2024-06-28T21:34:55.173Z
sansChrono,0,2024-06-28T21:34:37.362Z
sansChrono,1,2024-06-28T21:35:52.915Z
sansChrono,0,2024-06-28T21:36:03.420Z
chrono,27,2024-06-28T21:36:09.571Z
sansChrono,68,2024-06-28T21:37:03.033Z
chrono,24,2024-06-28T21:37:30.718Z
sansChrono,76,2024-06-28T21:37:53.218Z
chrono,5,2024-06-28T21:38:43.765Z
chrono,26,2024-06-28T21:39:02.072Z
sansChrono,154,2024-06-28T21:39:09.612Z
chrono,31,2024-06-28T21:39:30.639Z
chrono,30,2024-06-28T21:40:05.334Z
chrono,29,2024-06-28T21:40:09.384Z
sansChrono,0,2024-06-28T21:40:29.130Z
sansChrono,0,2024-06-28T21:40:49.333Z
chrono,15,2024-06-28T21:41:47.569Z
chrono,16,2024-06-28T21:41:48.042Z
sansChrono,61,2024-06-28T21:42:19.179Z
chrono,35,2024-06-28T21:42:26.582Z
sansChrono,49,2024-06-28T21:42:49.664Z
sansChrono,0,2024-06-28T21:43:21.641Z
chrono,41,2024-06-28T21:43:40.963Z
chrono,24,2024-06-28T21:43:44.294Z
sansChrono,236,2024-06-28T21:43:56.669Z
sansChrono,80,2024-06-28T21:44:01.106Z
sansChrono,192,2024-06-28T21:44:04.405Z
sansChrono,200,2024-06-28T21:44:11.659Z
chrono,26,2024-06-28T21:44:13.791Z
sansChrono,110,2024-06-28T21:44:40.925Z
sansChrono,0,2024-06-28T21:44:55.858Z
chrono,27,2024-06-28T21:45:15.607Z
chrono,26,2024-06-28T21:45:49.351Z
chrono,42,2024-06-28T21:46:20.311Z
sansChrono,84,2024-06-28T21:46:26.316Z
chrono,24,2024-06-28T21:46:45.313Z
chrono,18,2024-06-28T21:47:29.822Z
chrono,21,2024-06-28T21:48:07.750Z
sansChrono,0,2024-06-28T21:48:14.269Z
chrono,48,2024-06-28T21:48:58.112Z
sansChrono,54,2024-06-28T21:49:16.610Z
chrono,37,2024-06-28T21:49:32.543Z
sansChrono,70,2024-06-28T21:49:55.576Z
chrono,37,2024-06-28T21:50:02.896Z
sansChrono,56,2024-06-28T21:50:16.939Z
sansChrono,2,2024-06-28T21:50:29.023Z
chrono,30,2024-06-28T21:50:48.851Z
sansChrono,0,2024-06-28T21:51:07.397Z
sansChrono,1,2024-06-28T21:51:18.260Z
sansChrono,0,2024-06-28T21:51:29.510Z
chrono,50,2024-06-28T21:51:36.717Z
sansChrono,81,2024-06-28T21:52:09.955Z
sansChrono,0,2024-06-28T21:52:13.550Z
sansChrono,183,2024-06-28T21:52:12.503Z
sansChrono,0,2024-06-28T21:53:12.431Z
sansChrono,49,2024-06-28T21:53:31.900Z
sansChrono,0,2024-06-28T21:53:51.364Z
chrono,46,2024-06-28T21:54:15.067Z
chrono,27,2024-06-28T21:55:04.032Z
sansChrono,0,2024-06-28T21:55:55.391Z
sansChrono,0,2024-06-28T21:56:17.103Z
chrono,33,2024-06-28T21:56:25.757Z
sansChrono,133,2024-06-28T21:56:46.218Z
chrono,46,2024-06-28T21:56:52.909Z
sansChrono,68,2024-06-28T21:56:59.044Z
chrono,14,2024-06-28T21:57:00.611Z
chrono,24,2024-06-28T21:57:14.157Z
chrono,28,2024-06-28T21:58:44.071Z
sansChrono,163,2024-06-28T21:59:45.590Z
sansChrono,0,2024-06-28T21:59:54.589Z
sansChrono,0,2024-06-28T22:00:02.277Z
chrono,22,2024-06-28T22:00:28.117Z
sansChrono,62,2024-06-28T22:01:11.204Z
chrono,27,2024-06-28T22:02:08.548Z
chrono,21,2024-06-28T22:02:09.307Z
chrono,20,2024-06-28T22:04:26.595Z
sansChrono,0,2024-06-28T22:04:46.556Z
sansChrono,127,2024-06-28T22:04:52.090Z
chrono,26,2024-06-28T22:06:05.401Z
sansChrono,123,2024-06-28T22:07:35.669Z
sansChrono,108,2024-06-28T22:07:50.460Z
sansChrono,20,2024-06-28T22:10:08.637Z
sansChrono,43,2024-06-28T22:11:46.001Z
chrono,24,2024-06-28T22:12:07.677Z
sansChrono,123,2024-06-28T22:12:23.739Z
chrono,28,2024-06-28T22:13:17.204Z
chrono,30,2024-06-28T22:13:19.068Z
chrono,25,2024-06-28T22:13:59.592Z
sansChrono,0,2024-06-28T22:14:23.735Z
sansChrono,116,2024-06-28T22:14:36.011Z
chrono,11,2024-06-28T22:14:58.946Z
sansChrono,0,2024-06-28T22:15:03.654Z
sansChrono,0,2024-06-28T22:16:09.466Z
chrono,24,2024-06-28T22:17:49.653Z
chrono,34,2024-06-28T22:18:08.179Z
sansChrono,141,2024-06-28T22:18:44.145Z
sansChrono,0,2024-06-28T22:19:04.278Z
chrono,18,2024-06-28T22:19:14.415Z
chrono,30,2024-06-28T22:19:34.921Z
chrono,37,2024-06-28T22:21:46.617Z
sansChrono,183,2024-06-28T22:23:09.799Z
sansChrono,200,2024-06-28T22:24:20.272Z
sansChrono,36,2024-06-28T22:24:36.215Z
sansChrono,0,2024-06-28T22:25:39.564Z
sansChrono,51,2024-06-28T22:27:11.818Z
sansChrono,76,2024-06-28T22:27:20.320Z
sansChrono,250,2024-06-28T22:28:39.204Z
chrono,22,2024-06-28T22:28:58.973Z
chrono,15,2024-06-28T22:29:47.900Z
sansChrono,207,2024-06-28T22:31:30.927Z
sansChrono,242,2024-06-28T22:35:12.617Z
sansChrono,0,2024-06-28T22:35:18.502Z
sansChrono,145,2024-06-28T22:36:54.100Z
sansChrono,62,2024-06-28T22:38:24.162Z
sansChrono,165,2024-06-28T22:38:39.454Z
chrono,10,2024-06-28T22:39:17.597Z
chrono,17,2024-06-28T22:42:21.760Z
chrono,21,2024-06-28T22:43:15.912Z
sansChrono,156,2024-06-28T22:43:19.128Z
sansChrono,0,2024-06-28T22:43:35.555Z
sansChrono,2,2024-06-28T22:44:02.267Z
sansChrono,65,2024-06-28T22:44:09.875Z
chrono,29,2024-06-28T22:47:53.392Z
sansChrono,55,2024-06-28T22:48:11.586Z
sansChrono,33,2024-06-28T22:48:53.422Z
sansChrono,111,2024-06-28T22:49:02.043Z
chrono,31,2024-06-28T22:50:39.110Z
chrono,20,2024-06-28T22:51:02.679Z
sansChrono,0,2024-06-28T22:51:10.288Z
chrono,22,2024-06-28T22:51:39.836Z
sansChrono,119,2024-06-28T22:52:01.751Z
chrono,23,2024-06-28T22:52:49.119Z
chrono,38,2024-06-28T22:53:34.899Z
chrono,20,2024-06-28T22:53:59.170Z
chrono,36,2024-06-28T22:56:27.426Z
sansChrono,109,2024-06-28T22:58:57.696Z
chrono,34,2024-06-28T22:59:19.735Z
sansChrono,178,2024-06-28T22:59:25.853Z
chrono,31,2024-06-28T23:02:12.334Z
sansChrono,107,2024-06-28T23:03:03.636Z
chrono,17,2024-06-28T23:03:15.168Z
chrono,33,2024-06-28T23:04:54.933Z
sansChrono,0,2024-06-28T23:05:32.340Z
chrono,25,2024-06-28T23:06:07.325Z
chrono,13,2024-06-28T23:06:33.131Z
sansChrono,0,2024-06-28T23:07:50.066Z
chrono,39,2024-06-28T23:08:02.381Z
sansChrono,37,2024-06-28T23:08:32.886Z
chrono,37,2024-06-28T23:08:35.374Z
sansChrono,0,2024-06-28T23:09:02.211Z
sansChrono,0,2024-06-28T23:10:55.899Z
sansChrono,200,2024-06-28T23:12:36.364Z
sansChrono,304,2024-06-28T23:13:03.068Z
sansChrono,0,2024-06-28T23:13:32.566Z
sansChrono,0,2024-06-28T23:14:36.106Z
sansChrono,0,2024-06-28T23:14:46.478Z
sansChrono,162,2024-06-28T23:15:47.318Z
sansChrono,108,2024-06-28T23:16:23.172Z
chrono,17,2024-06-28T23:19:32.942Z
sansChrono,38,2024-06-28T23:23:10.576Z
chrono,20,2024-06-28T23:24:40.528Z
chrono,15,2024-06-28T23:24:42.158Z
sansChrono,0,2024-06-28T23:24:57.731Z
chrono,20,2024-06-28T23:25:03.310Z
sansChrono,0,2024-06-28T23:26:20.355Z
sansChrono,30,2024-06-28T23:27:17.436Z
chrono,22,2024-06-28T23:27:32.754Z
chrono,25,2024-06-28T23:27:35.734Z
chrono,19,2024-06-28T23:27:36.856Z
chrono,18,2024-06-28T23:28:08.606Z
chrono,22,2024-06-28T23:30:21.380Z
sansChrono,0,2024-06-28T23:31:28.950Z
sansChrono,0,2024-06-28T23:37:57.041Z
sansChrono,0,2024-06-28T23:38:13.356Z
sansChrono,101,2024-06-28T23:39:14.285Z
sansChrono,165,2024-06-28T23:41:20.798Z
sansChrono,0,2024-06-28T23:45:57.588Z
chrono,31,2024-06-28T23:47:59.581Z
sansChrono,0,2024-06-28T23:50:16.611Z
sansChrono,1,2024-06-28T23:54:37.682Z
sansChrono,0,2024-06-28T23:59:19.640Z
sansChrono,2,2024-06-29T00:04:15.007Z
chrono,27,2024-06-29T00:05:28.271Z
chrono,23,2024-06-29T00:07:13.605Z
chrono,23,2024-06-29T00:08:53.857Z
sansChrono,102,2024-06-29T00:09:21.181Z
sansChrono,53,2024-06-29T00:11:17.558Z
sansChrono,111,2024-06-29T00:17:51.716Z
sansChrono,200,2024-06-29T00:29:00.165Z
sansChrono,200,2024-06-29T00:30:44.379Z
sansChrono,113,2024-06-29T00:32:34.797Z
sansChrono,125,2024-06-29T00:38:46.386Z
sansChrono,0,2024-06-29T00:38:59.576Z
chrono,17,2024-06-29T00:39:34.513Z
chrono,16,2024-06-29T00:48:46.413Z
chrono,33,2024-06-29T00:49:38.766Z
sansChrono,35,2024-06-29T00:54:50.088Z
sansChrono,0,2024-06-29T00:56:47.859Z
sansChrono,55,2024-06-29T01:15:32.389Z
chrono,19,2024-06-29T01:24:11.601Z
sansChrono,70,2024-06-29T01:24:14.021Z
chrono,18,2024-06-29T01:25:08.065Z
sansChrono,152,2024-06-29T01:36:42.770Z
sansChrono,90,2024-06-29T01:44:45.214Z
sansChrono,100,2024-06-29T01:48:57.740Z
chrono,29,2024-06-29T02:01:37.699Z
chrono,36,2024-06-29T02:04:18.983Z
sansChrono,0,2024-06-29T02:09:38.471Z
chrono,21,2024-06-29T02:35:12.057Z
sansChrono,0,2024-06-29T02:40:26.295Z
chrono,31,2024-06-29T02:46:13.529Z
sansChrono,0,2024-06-29T02:56:14.565Z
sansChrono,117,2024-06-29T03:10:23.550Z
sansChrono,0,2024-06-29T03:15:45.072Z
chrono,48,2024-06-29T03:30:15.480Z
sansChrono,0,2024-06-29T03:30:31.872Z
sansChrono,0,2024-06-29T03:44:20.724Z
chrono,13,2024-06-29T03:44:56.070Z
sansChrono,82,2024-06-29T03:46:19.436Z
chrono,20,2024-06-29T03:47:11.352Z
chrono,1,2024-06-29T03:54:17.007Z
sansChrono,0,2024-06-29T03:55:03.314Z
sansChrono,60,2024-06-29T03:55:55.136Z
chrono,20,2024-06-29T03:56:53.735Z
sansChrono,0,2024-06-29T03:57:12.922Z
chrono,29,2024-06-29T04:00:21.492Z
sansChrono,0,2024-06-29T04:06:27.834Z
sansChrono,0,2024-06-29T04:06:58.285Z
sansChrono,1,2024-06-29T04:08:07.484Z
chrono,19,2024-06-29T04:09:37.998Z
sansChrono,0,2024-06-29T04:11:48.637Z
chrono,28,2024-06-29T04:12:42.268Z
sansChrono,0,2024-06-29T04:19:07.023Z
chrono,22,2024-06-29T04:26:26.526Z
sansChrono,0,2024-06-29T04:35:21.172Z
sansChrono,0,2024-06-29T04:35:38.556Z
chrono,30,2024-06-29T04:36:31.287Z
sansChrono,0,2024-06-29T04:39:16.935Z
chrono,37,2024-06-29T04:39:57.843Z
sansChrono,108,2024-06-29T04:41:18.018Z
chrono,20,2024-06-29T04:44:31.665Z
sansChrono,117,2024-06-29T04:44:38.112Z
sansChrono,11,2024-06-29T04:45:58.839Z
chrono,23,2024-06-29T04:47:30.466Z
sansChrono,70,2024-06-29T04:47:58.146Z
sansChrono,0,2024-06-29T04:48:18.031Z
sansChrono,53,2024-06-29T04:48:47.042Z
sansChrono,0,2024-06-29T04:50:35.250Z
sansChrono,130,2024-06-29T04:52:10.126Z
chrono,23,2024-06-29T04:52:41.520Z
sansChrono,0,2024-06-29T04:55:33.752Z
sansChrono,40,2024-06-29T04:56:55.048Z
sansChrono,0,2024-06-29T04:57:17.196Z
sansChrono,3,2024-06-29T04:59:31.977Z
sansChrono,0,2024-06-29T04:59:32.852Z
sansChrono,0,2024-06-29T05:02:08.667Z
chrono,20,2024-06-29T05:03:05.200Z
chrono,17,2024-06-29T05:03:12.773Z
sansChrono,0,2024-06-29T05:03:26.972Z
sansChrono,0,2024-06-29T05:05:36.684Z
sansChrono,227,2024-06-29T05:06:10.451Z
sansChrono,0,2024-06-29T05:06:35.013Z
sansChrono,1,2024-06-29T05:07:12.652Z
sansChrono,0,2024-06-29T05:07:55.064Z
sansChrono,0,2024-06-29T05:08:48.270Z
sansChrono,76,2024-06-29T05:08:58.144Z
sansChrono,0,2024-06-29T05:09:54.331Z
sansChrono,50,2024-06-29T05:11:06.205Z
chrono,34,2024-06-29T05:16:29.916Z
sansChrono,0,2024-06-29T05:19:39.153Z
sansChrono,0,2024-06-29T05:20:21.516Z
sansChrono,184,2024-06-29T05:21:24.214Z
sansChrono,0,2024-06-29T05:21:47.559Z
sansChrono,0,2024-06-29T05:22:17.730Z
chrono,30,2024-06-29T05:23:33.605Z
sansChrono,50,2024-06-29T05:24:04.689Z
sansChrono,44,2024-06-29T05:24:18.454Z
sansChrono,8,2024-06-29T05:24:46.166Z
sansChrono,13,2024-06-29T05:25:36.505Z
chrono,32,2024-06-29T05:25:44.667Z
chrono,18,2024-06-29T05:26:00.011Z
chrono,31,2024-06-29T05:26:07.308Z
sansChrono,294,2024-06-29T05:26:19.598Z
sansChrono,0,2024-06-29T05:27:13.364Z
chrono,22,2024-06-29T05:28:16.496Z
sansChrono,33,2024-06-29T05:28:35.886Z
sansChrono,1,2024-06-29T05:29:25.866Z
chrono,28,2024-06-29T05:29:56.507Z
sansChrono,0,2024-06-29T05:30:30.773Z
sansChrono,142,2024-06-29T05:31:03.538Z
chrono,24,2024-06-29T05:31:15.450Z
sansChrono,114,2024-06-29T05:32:39.594Z
sansChrono,0,2024-06-29T05:32:44.372Z
sansChrono,0,2024-06-29T05:32:49.923Z
chrono,14,2024-06-29T05:34:24.112Z
sansChrono,0,2024-06-29T05:34:39.497Z
sansChrono,19,2024-06-29T05:34:50.553Z
sansChrono,0,2024-06-29T05:35:28.997Z
sansChrono,68,2024-06-29T05:35:38.419Z
sansChrono,0,2024-06-29T05:35:48.970Z
chrono,36,2024-06-29T05:36:52.206Z
sansChrono,16,2024-06-29T05:37:19.935Z
chrono,21,2024-06-29T05:38:54.961Z
sansChrono,0,2024-06-29T05:39:18.302Z
sansChrono,0,2024-06-29T05:39:38.246Z
chrono,37,2024-06-29T05:40:58.040Z
chrono,42,2024-06-29T05:43:49.607Z
chrono,21,2024-06-29T05:45:48.751Z
sansChrono,106,2024-06-29T05:47:42.091Z
chrono,14,2024-06-29T05:48:13.091Z
chrono,28,2024-06-29T05:48:43.878Z
sansChrono,0,2024-06-29T05:49:50.160Z
chrono,44,2024-06-29T05:50:10.714Z
chrono,43,2024-06-29T05:50:51.491Z
sansChrono,41,2024-06-29T05:51:39.250Z
sansChrono,139,2024-06-29T05:51:55.792Z
chrono,17,2024-06-29T05:52:14.901Z
chrono,22,2024-06-29T05:52:38.027Z
chrono,38,2024-06-29T05:53:59.767Z
sansChrono,0,2024-06-29T05:54:22.177Z
chrono,16,2024-06-29T05:54:57.217Z
chrono,18,2024-06-29T05:55:40.099Z
chrono,43,2024-06-29T05:56:33.812Z
sansChrono,0,2024-06-29T05:56:00.586Z
chrono,20,2024-06-29T05:57:27.861Z
chrono,38,2024-06-29T05:59:14.059Z
chrono,37,2024-06-29T06:00:07.265Z
sansChrono,71,2024-06-29T06:00:17.990Z
chrono,19,2024-06-29T06:00:41.735Z
chrono,20,2024-06-29T06:02:28.231Z
sansChrono,75,2024-06-29T06:02:32.109Z
chrono,32,2024-06-29T06:02:46.461Z
chrono,34,2024-06-29T06:02:59.701Z
sansChrono,0,2024-06-29T06:03:29.828Z
sansChrono,0,2024-06-29T06:03:59.714Z
sansChrono,77,2024-06-29T06:04:49.942Z
chrono,19,2024-06-29T06:05:04.626Z
sansChrono,153,2024-06-29T06:05:25.826Z
sansChrono,0,2024-06-29T06:05:44.229Z
chrono,14,2024-06-29T06:05:56.820Z
chrono,20,2024-06-29T06:07:41.717Z
chrono,17,2024-06-29T06:07:50.814Z
chrono,12,2024-06-29T06:08:44.362Z
chrono,29,2024-06-29T06:09:07.732Z
sansChrono,85,2024-06-29T06:09:40.730Z
sansChrono,0,2024-06-29T06:09:40.431Z
sansChrono,0,2024-06-29T06:10:07.154Z
sansChrono,90,2024-06-29T06:11:08.767Z
sansChrono,0,2024-06-29T06:11:21.593Z
chrono,21,2024-06-29T06:11:28.105Z
chrono,33,2024-06-29T06:12:19.906Z
sansChrono,189,2024-06-29T06:12:36.745Z
chrono,10,2024-06-29T06:12:49.935Z
chrono,45,2024-06-29T06:13:31.609Z
sansChrono,0,2024-06-29T06:14:38.563Z
chrono,8,2024-06-29T06:15:39.471Z
chrono,20,2024-06-29T06:16:17.068Z
chrono,29,2024-06-29T06:16:41.826Z
chrono,16,2024-06-29T06:18:07.447Z
chrono,37,2024-06-29T06:19:50.201Z
sansChrono,89,2024-06-29T06:20:07.622Z
chrono,19,2024-06-29T06:21:16.943Z
sansChrono,0,2024-06-29T06:21:31.017Z
sansChrono,0,2024-06-29T06:21:49.984Z
sansChrono,0,2024-06-29T06:22:12.916Z
chrono,27,2024-06-29T06:23:03.243Z
chrono,37,2024-06-29T06:23:27.012Z
chrono,27,2024-06-29T06:24:07.761Z
chrono,19,2024-06-29T06:25:20.927Z
chrono,34,2024-06-29T06:26:24.879Z
chrono,20,2024-06-29T06:25:52.295Z
sansChrono,0,2024-06-29T06:26:46.657Z
chrono,47,2024-06-29T06:29:21.477Z
chrono,20,2024-06-29T06:29:17.879Z
sansChrono,55,2024-06-29T06:29:33.577Z
chrono,8,2024-06-29T06:29:44.563Z
sansChrono,0,2024-06-29T06:29:56.908Z
chrono,46,2024-06-29T06:30:37.281Z
chrono,28,2024-06-29T06:31:30.768Z
chrono,22,2024-06-29T06:31:50.699Z
sansChrono,0,2024-06-29T06:31:55.812Z
chrono,15,2024-06-29T06:33:06.166Z
sansChrono,243,2024-06-29T06:34:38.818Z
chrono,16,2024-06-29T06:34:51.933Z
sansChrono,0,2024-06-29T06:35:46.302Z
sansChrono,59,2024-06-29T06:37:40.914Z
sansChrono,49,2024-06-29T06:37:47.271Z
sansChrono,5,2024-06-29T06:39:21.279Z
chrono,28,2024-06-29T06:42:05.773Z
chrono,11,2024-06-29T06:43:29.591Z
chrono,13,2024-06-29T06:44:28.118Z
sansChrono,0,2024-06-29T06:44:42.906Z
sansChrono,262,2024-06-29T06:44:57.826Z
sansChrono,0,2024-06-29T06:44:53.638Z
sansChrono,0,2024-06-29T06:45:14.213Z
chrono,12,2024-06-29T06:45:27.713Z
sansChrono,0,2024-06-29T06:46:05.188Z
sansChrono,125,2024-06-29T06:46:06.720Z
sansChrono,0,2024-06-29T06:46:12.808Z
sansChrono,49,2024-06-29T06:47:44.580Z
sansChrono,0,2024-06-29T06:48:08.176Z
sansChrono,9,2024-06-29T06:48:57.479Z
sansChrono,0,2024-06-29T06:49:38.610Z
chrono,28,2024-06-29T06:49:57.918Z
sansChrono,0,2024-06-29T06:51:18.018Z
sansChrono,0,2024-06-29T06:52:27.203Z
sansChrono,33,2024-06-29T06:52:31.763Z
sansChrono,47,2024-06-29T06:53:10.810Z
chrono,16,2024-06-29T06:54:08.647Z
chrono,38,2024-06-29T06:55:23.548Z
chrono,26,2024-06-29T06:57:01.642Z
sansChrono,111,2024-06-29T06:58:08.958Z
chrono,19,2024-06-29T06:58:35.912Z
chrono,21,2024-06-29T06:58:46.832Z
sansChrono,139,2024-06-29T06:59:04.378Z
sansChrono,0,2024-06-29T06:59:10.383Z
chrono,17,2024-06-29T06:59:29.528Z
sansChrono,242,2024-06-29T06:59:46.465Z
sansChrono,103,2024-06-29T07:00:12.028Z
chrono,19,2024-06-29T07:00:25.628Z
chrono,38,2024-06-29T07:00:58.945Z
chrono,8,2024-06-29T07:01:33.539Z
sansChrono,4,2024-06-29T07:01:34.244Z
sansChrono,0,2024-06-29T07:02:10.845Z
sansChrono,0,2024-06-29T07:02:59.269Z
chrono,25,2024-06-29T07:03:08.781Z
sansChrono,1,2024-06-29T07:03:12.890Z
sansChrono,59,2024-06-29T07:03:33.733Z
sansChrono,0,2024-06-29T07:03:46.425Z
chrono,22,2024-06-29T07:05:59.454Z
sansChrono,1,2024-06-29T07:07:03.024Z
sansChrono,30,2024-06-29T07:08:01.834Z
sansChrono,0,2024-06-29T07:08:48.026Z
sansChrono,113,2024-06-29T07:08:50.954Z
chrono,22,2024-06-29T07:09:01.554Z
sansChrono,0,2024-06-29T07:10:25.997Z
sansChrono,100,2024-06-29T07:12:53.491Z
sansChrono,0,2024-06-29T07:12:58.076Z
chrono,34,2024-06-29T07:13:16.072Z
sansChrono,131,2024-06-29T07:13:19.769Z
chrono,12,2024-06-29T07:13:22.448Z
sansChrono,0,2024-06-29T07:14:40.435Z
chrono,28,2024-06-29T07:15:08.552Z
chrono,33,2024-06-29T07:15:55.302Z
chrono,14,2024-06-29T07:16:10.236Z
sansChrono,74,2024-06-29T07:18:26.170Z
sansChrono,32,2024-06-29T07:18:55.185Z
chrono,22,2024-06-29T07:18:56.485Z
chrono,28,2024-06-29T07:21:24.592Z
sansChrono,68,2024-06-29T07:21:43.416Z
chrono,15,2024-06-29T07:22:02.410Z
chrono,21,2024-06-29T07:22:24.682Z
sansChrono,0,2024-06-29T07:25:01.196Z
chrono,16,2024-06-29T07:25:11.871Z
chrono,30,2024-06-29T07:26:49.944Z
sansChrono,0,2024-06-29T07:27:10.781Z
chrono,28,2024-06-29T07:30:41.104Z
sansChrono,51,2024-06-29T07:31:48.553Z
chrono,17,2024-06-29T07:33:41.372Z
sansChrono,0,2024-06-29T07:33:45.528Z
sansChrono,0,2024-06-29T07:34:10.354Z
sansChrono,201,2024-06-29T07:34:54.089Z
sansChrono,100,2024-06-29T07:35:32.516Z
chrono,18,2024-06-29T07:35:38.369Z
chrono,25,2024-06-29T07:37:39.967Z
chrono,27,2024-06-29T07:38:16.574Z
chrono,23,2024-06-29T07:38:26.573Z
chrono,16,2024-06-29T07:38:40.154Z
sansChrono,0,2024-06-29T07:39:20.121Z
chrono,24,2024-06-29T07:42:59.882Z
chrono,22,2024-06-29T07:43:03.999Z
chrono,21,2024-06-29T07:43:06.079Z
chrono,20,2024-06-29T07:44:17.087Z
sansChrono,92,2024-06-29T07:44:33.880Z
sansChrono,0,2024-06-29T07:44:46.779Z
chrono,20,2024-06-29T07:45:10.532Z
sansChrono,0,2024-06-29T07:45:45.082Z
chrono,20,2024-06-29T07:46:47.894Z
chrono,27,2024-06-29T07:47:08.217Z
sansChrono,150,2024-06-29T07:48:06.027Z
chrono,14,2024-06-29T07:48:36.204Z
chrono,0,2024-06-29T07:48:56.711Z
sansChrono,144,2024-06-29T07:49:24.033Z
chrono,13,2024-06-29T07:52:09.643Z
chrono,19,2024-06-29T07:53:05.743Z
sansChrono,104,2024-06-29T07:53:54.425Z
sansChrono,104,2024-06-29T07:54:00.196Z
chrono,32,2024-06-29T07:55:04.024Z
sansChrono,138,2024-06-29T07:56:24.707Z
sansChrono,58,2024-06-29T07:58:46.510Z
sansChrono,111,2024-06-29T07:58:52.979Z
chrono,25,2024-06-29T08:00:05.612Z
sansChrono,155,2024-06-29T08:03:03.146Z
chrono,31,2024-06-29T08:03:14.136Z
sansChrono,0,2024-06-29T08:04:19.617Z
sansChrono,139,2024-06-29T08:04:45.666Z
sansChrono,0,2024-06-29T08:06:48.956Z
chrono,15,2024-06-29T08:09:46.513Z
chrono,19,2024-06-29T08:12:38.332Z
sansChrono,100,2024-06-29T08:13:34.314Z
chrono,22,2024-06-29T08:14:01.204Z
sansChrono,0,2024-06-29T08:14:01.678Z
chrono,27,2024-06-29T08:15:51.861Z
sansChrono,0,2024-06-29T08:16:27.295Z
chrono,22,2024-06-29T08:16:43.671Z
chrono,20,2024-06-29T08:17:01.600Z
sansChrono,17,2024-06-29T08:18:33.416Z
sansChrono,15,2024-06-29T08:22:06.643Z
sansChrono,28,2024-06-29T08:22:28.301Z
sansChrono,96,2024-06-29T08:24:29.374Z
chrono,18,2024-06-29T08:25:29.793Z
chrono,28,2024-06-29T08:32:06.191Z
chrono,43,2024-06-29T08:33:37.274Z
sansChrono,180,2024-06-29T08:38:15.652Z
chrono,30,2024-06-29T08:40:18.386Z
sansChrono,64,2024-06-29T08:43:16.599Z
chrono,23,2024-06-29T08:47:15.527Z
sansChrono,207,2024-06-29T08:48:34.846Z
sansChrono,0,2024-06-29T08:50:31.836Z
sansChrono,133,2024-06-29T08:51:16.808Z
chrono,59,2024-06-29T08:54:06.301Z
sansChrono,95,2024-06-29T08:55:31.750Z
chrono,23,2024-06-29T08:58:43.998Z
sansChrono,0,2024-06-29T09:00:52.387Z
chrono,21,2024-06-29T09:01:08.946Z
sansChrono,8,2024-06-29T09:01:21.068Z
chrono,15,2024-06-29T09:02:34.801Z
sansChrono,0,2024-06-29T09:03:14.874Z
chrono,29,2024-06-29T09:06:23.800Z
sansChrono,0,2024-06-29T09:16:27.915Z
chrono,23,2024-06-29T09:17:37.866Z
sansChrono,76,2024-06-29T09:19:17.295Z
chrono,26,2024-06-29T09:21:22.227Z
sansChrono,0,2024-06-29T09:24:04.635Z
chrono,22,2024-06-29T09:24:28.740Z
chrono,13,2024-06-29T09:25:50.155Z
chrono,33,2024-06-29T09:26:18.616Z
chrono,31,2024-06-29T09:27:11.604Z
chrono,19,2024-06-29T09:28:32.926Z
chrono,33,2024-06-29T09:33:27.822Z
sansChrono,88,2024-06-29T09:35:17.637Z
chrono,62,2024-06-29T09:37:06.435Z
chrono,20,2024-06-29T09:37:15.496Z
chrono,29,2024-06-29T09:40:39.664Z
sansChrono,0,2024-06-29T09:40:41.322Z
chrono,37,2024-06-29T09:42:46.934Z
sansChrono,0,2024-06-29T09:44:51.287Z
sansChrono,60,2024-06-29T09:45:37.121Z
sansChrono,0,2024-06-29T09:46:49.714Z
chrono,69,2024-06-29T09:48:08.910Z
sansChrono,24,2024-06-29T09:49:01.640Z
sansChrono,4,2024-06-29T09:52:26.309Z
sansChrono,27,2024-06-29T09:55:02.144Z
sansChrono,191,2024-06-29T09:58:58.673Z
sansChrono,0,2024-06-29T10:17:09.753Z
sansChrono,0,2024-06-29T10:18:22.823Z
sansChrono,335,2024-06-29T10:19:44.912Z
sansChrono,63,2024-06-29T10:27:27.784Z
sansChrono,21,2024-06-29T10:30:18.782Z
sansChrono,180,2024-06-29T10:31:02.591Z
chrono,12,2024-06-29T10:41:40.264Z
chrono,15,2024-06-29T10:43:08.024Z
sansChrono,0,2024-06-29T10:49:51.957Z
sansChrono,0,2024-06-29T10:52:08.279Z
sansChrono,0,2024-06-29T11:01:12.586Z
sansChrono,0,2024-06-29T11:09:59.395Z
chrono,27,2024-06-29T11:10:12.579Z
sansChrono,0,2024-06-29T11:16:56.348Z
sansChrono,1,2024-06-29T11:18:26.212Z
chrono,12,2024-06-29T11:20:14.817Z
sansChrono,0,2024-06-29T11:20:40.199Z
sansChrono,0,2024-06-29T11:21:48.832Z
sansChrono,0,2024-06-29T11:22:57.157Z
chrono,22,2024-06-29T11:23:02.211Z
sansChrono,0,2024-06-29T11:23:20.655Z
sansChrono,120,2024-06-29T11:26:14.693Z
sansChrono,123,2024-06-29T11:36:20.603Z
sansChrono,0,2024-06-29T11:37:30.559Z
sansChrono,128,2024-06-29T11:38:03.468Z
chrono,22,2024-06-29T11:38:59.520Z
chrono,24,2024-06-29T11:41:53.037Z
chrono,22,2024-06-29T11:44:59.438Z
chrono,24,2024-06-29T11:47:20.511Z
chrono,27,2024-06-29T11:47:52.032Z
chrono,29,2024-06-29T11:48:29.262Z
sansChrono,0,2024-06-29T11:48:48.298Z
sansChrono,0,2024-06-29T11:50:29.100Z
sansChrono,16,2024-06-29T11:51:24.616Z
chrono,29,2024-06-29T11:51:53.593Z
chrono,18,2024-06-29T11:53:08.771Z
chrono,30,2024-06-29T11:54:41.924Z
sansChrono,0,2024-06-29T11:56:27.504Z
sansChrono,50,2024-06-29T11:57:05.471Z
chrono,33,2024-06-29T11:57:53.506Z
chrono,21,2024-06-29T12:05:59.960Z
sansChrono,148,2024-06-29T12:10:45.262Z
chrono,28,2024-06-29T12:12:55.617Z
sansChrono,6,2024-06-29T12:13:38.510Z
sansChrono,5,2024-06-29T12:14:10.001Z
sansChrono,1,2024-06-29T12:15:07.834Z
sansChrono,0,2024-06-29T12:19:47.350Z
chrono,21,2024-06-29T12:20:19.928Z
chrono,36,2024-06-29T12:24:02.176Z
sansChrono,28,2024-06-29T12:24:53.605Z
sansChrono,0,2024-06-29T12:30:32.329Z
chrono,35,2024-06-29T12:33:03.058Z
chrono,42,2024-06-29T12:35:45.992Z
chrono,20,2024-06-29T12:43:36.980Z
sansChrono,179,2024-06-29T12:48:55.060Z
chrono,15,2024-06-29T12:53:57.195Z
sansChrono,165,2024-06-29T12:54:54.864Z
sansChrono,1,2024-06-29T12:57:09.752Z
sansChrono,12,2024-06-29T12:59:38.486Z
sansChrono,56,2024-06-29T13:01:43.564Z
sansChrono,250,2024-06-29T13:02:13.047Z
sansChrono,143,2024-06-29T13:02:21.231Z
chrono,15,2024-06-29T13:03:54.997Z
chrono,39,2024-06-29T13:06:04.208Z
chrono,20,2024-06-29T13:06:45.789Z
chrono,17,2024-06-29T13:08:43.402Z
chrono,29,2024-06-29T13:14:28.568Z
chrono,28,2024-06-29T13:17:17.028Z
chrono,31,2024-06-29T13:20:06.229Z
chrono,27,2024-06-29T13:24:00.219Z
chrono,28,2024-06-29T13:26:37.658Z
chrono,19,2024-06-29T13:27:26.846Z
chrono,36,2024-06-29T13:29:17.667Z
sansChrono,71,2024-06-29T13:30:07.558Z
chrono,38,2024-06-29T13:30:44.617Z
chrono,41,2024-06-29T13:31:57.559Z
chrono,35,2024-06-29T13:34:51.812Z
sansChrono,158,2024-06-29T13:35:59.658Z
chrono,34,2024-06-29T13:37:32.269Z
chrono,39,2024-06-29T13:43:10.146Z
sansChrono,0,2024-06-29T13:48:50.035Z
sansChrono,0,2024-06-29T13:57:21.794Z
sansChrono,121,2024-06-29T14:01:43.412Z
chrono,10,2024-06-29T14:02:51.548Z
chrono,15,2024-06-29T14:05:39.961Z
sansChrono,0,2024-06-29T14:06:07.363Z
chrono,19,2024-06-29T14:07:56.125Z
sansChrono,111,2024-06-29T14:22:40.820Z
sansChrono,0,2024-06-29T14:26:19.600Z
sansChrono,0,2024-06-29T14:28:02.662Z
chrono,23,2024-06-29T14:32:03.636Z
sansChrono,0,2024-06-29T14:36:50.433Z
chrono,19,2024-06-29T14:45:16.593Z
chrono,31,2024-06-29T14:56:34.482Z
sansChrono,17,2024-06-29T14:58:41.793Z
sansChrono,0,2024-06-29T15:00:06.216Z
sansChrono,131,2024-06-29T15:02:24.943Z
sansChrono,48,2024-06-29T15:09:19.601Z
sansChrono,109,2024-06-29T15:10:46.070Z
sansChrono,86,2024-06-29T15:11:32.967Z
sansChrono,0,2024-06-29T15:17:32.608Z
sansChrono,287,2024-06-29T15:25:12.182Z
sansChrono,78,2024-06-29T15:26:33.123Z
chrono,29,2024-06-29T15:31:01.705Z
chrono,48,2024-06-29T15:31:16.763Z
chrono,32,2024-06-29T15:33:55.673Z
chrono,32,2024-06-29T15:36:54.552Z
sansChrono,0,2024-06-29T15:37:41.347Z
chrono,31,2024-06-29T15:39:37.396Z
chrono,28,2024-06-29T15:46:18.592Z
sansChrono,108,2024-06-29T15:49:46.690Z
chrono,25,2024-06-29T15:51:17.611Z
sansChrono,0,2024-06-29T15:51:18.559Z
sansChrono,0,2024-06-29T15:52:52.017Z
chrono,38,2024-06-29T15:52:54.840Z
chrono,40,2024-06-29T15:55:40.417Z
sansChrono,426,2024-06-29T16:00:05.543Z
chrono,18,2024-06-29T16:06:03.750Z
chrono,20,2024-06-29T16:08:43.253Z
sansChrono,80,2024-06-29T16:09:00.502Z
chrono,25,2024-06-29T16:09:28.303Z
chrono,20,2024-06-29T16:10:09.171Z
sansChrono,138,2024-06-29T16:13:27.729Z
chrono,11,2024-06-29T16:15:36.450Z
chrono,16,2024-06-29T16:18:49.269Z
chrono,21,2024-06-29T16:21:36.167Z
sansChrono,0,2024-06-29T16:22:10.063Z
chrono,18,2024-06-29T16:24:57.324Z
chrono,23,2024-06-29T16:28:10.655Z
chrono,33,2024-06-29T16:33:52.823Z
chrono,31,2024-06-29T16:36:36.777Z
sansChrono,0,2024-06-29T16:37:06.377Z
sansChrono,0,2024-06-29T16:45:05.617Z
sansChrono,1,2024-06-29T16:49:26.574Z
sansChrono,192,2024-06-29T16:49:58.994Z
chrono,27,2024-06-29T16:55:37.933Z
sansChrono,44,2024-06-29T16:57:24.718Z
sansChrono,0,2024-06-29T17:01:56.576Z
sansChrono,0,2024-06-29T17:04:50.687Z
sansChrono,200,2024-06-29T17:12:39.204Z
sansChrono,0,2024-06-29T17:20:27.063Z
sansChrono,179,2024-06-29T17:32:08.778Z
chrono,16,2024-06-29T17:36:07.983Z
sansChrono,204,2024-06-29T17:36:38.630Z
sansChrono,207,2024-06-29T17:40:22.802Z
sansChrono,85,2024-06-29T17:57:38.947Z
sansChrono,0,2024-06-29T17:52:09.645Z
chrono,17,2024-06-29T17:54:56.846Z
sansChrono,94,2024-06-29T17:56:06.815Z
sansChrono,104,2024-06-29T17:57:34.972Z
chrono,20,2024-06-29T17:57:58.121Z
chrono,17,2024-06-29T18:00:52.877Z
chrono,14,2024-06-29T18:03:36.912Z
chrono,11,2024-06-29T18:06:19.188Z
chrono,15,2024-06-29T18:09:04.786Z
chrono,12,2024-06-29T18:12:04.679Z
sansChrono,0,2024-06-29T18:13:34.810Z
chrono,14,2024-06-29T18:14:52.542Z
sansChrono,55,2024-06-29T18:23:58.616Z
chrono,24,2024-06-29T18:24:52.812Z
sansChrono,0,2024-06-29T18:34:05.983Z
chrono,23,2024-06-29T18:26:55.246Z
sansChrono,162,2024-06-29T18:28:55.744Z
sansChrono,18,2024-06-29T18:29:51.646Z
sansChrono,145,2024-06-29T18:31:47.964Z
chrono,40,2024-06-29T18:33:43.559Z
chrono,27,2024-06-29T18:36:34.815Z
chrono,16,2024-06-29T18:38:25.850Z
chrono,32,2024-06-29T18:39:25.324Z
sansChrono,0,2024-06-29T18:40:41.145Z
chrono,21,2024-06-29T18:47:29.474Z
chrono,22,2024-06-29T18:51:41.406Z
sansChrono,0,2024-06-29T18:52:01.897Z
chrono,23,2024-06-29T18:54:26.213Z
chrono,21,2024-06-29T18:59:29.079Z
chrono,23,2024-06-29T19:00:47.133Z
chrono,27,2024-06-29T19:02:19.587Z
chrono,15,2024-06-29T19:03:09.887Z
sansChrono,60,2024-06-29T19:06:03.365Z
sansChrono,150,2024-06-29T19:06:34.937Z
sansChrono,69,2024-06-29T19:06:41.224Z
chrono,24,2024-06-29T19:09:35.187Z
sansChrono,82,2024-06-29T19:10:12.966Z
sansChrono,0,2024-06-29T19:14:06.784Z
sansChrono,0,2024-06-29T19:15:47.344Z
chrono,30,2024-06-29T19:18:12.476Z
sansChrono,0,2024-06-29T19:24:35.391Z
sansChrono,0,2024-06-29T19:26:11.421Z
chrono,24,2024-06-29T19:27:24.284Z
